datetime,batt_v,load_a,charge_a,solar_v
6/10/2014 10:00,12.7,0,0.5,20.1
6/10/2014 12:00,12.6,0,0.4,19.7
6/10/2014 14:00,12.9,0,0.4,19.6
6/10/2014 16:00,13.2,5.4,0.5,14
6/10/2014 18:00,12.5,0,1.4,0.2
6/10/2014 20:00,12.4,0,1.4,0.1
6/10/2014 22:00,12.4,0,1.5,0.2
6/11/2014 0:00,12.3,0,1.5,0.1
6/11/2014 1:00,12.3,0,1.3,0.1
6/11/2014 2:00,12.3,0,1.4,0.1
6/11/2014 3:00,12.3,0,1.5,0.1
6/11/2014 4:00,12.3,0,1.5,0.1
6/11/2014 5:00,12.3,0,1.3,0.2
6/11/2014 6:00,12.1,0,3.4,11
6/11/2014 7:00,12.5,2.9,2.4,13.3
6/11/2014 8:00,13.5,8.5,2.5,14.5
6/11/2014 9:00,13.5,13.9,0.7,14.9
6/11/2014 10:00,12.7,0,0.7,20.3
6/11/2014 11:00,12.7,0,0.6,20.3
6/11/2014 12:00,13.6,6.9,0.5,14.5
6/11/2014 13:00,13.4,5.2,0.5,14.2
6/11/2014 14:00,12.8,0,0.5,19.9
6/11/2014 15:00,12.8,0,0,20.1
6/11/2014 16:00,13.4,0,0,19.8
6/11/2014 17:00,12.7,0.9,0,13.4
6/11/2014 18:00,12.4,0,2.1,0.1
6/11/2014 19:00,12.4,0,0.5,0.1
6/11/2014 20:00,12.5,0,1.2,0.2
6/11/2014 21:00,12.4,0,1.4,0.2
6/11/2014 22:00,12.3,0,3.5,0.1
6/11/2014 23:00,12.2,0,3.3,0.1
6/12/2014 0:00,12.2,0,3.4,0.1
6/12/2014 1:00,12.2,0,3.3,0.1
6/12/2014 2:00,12.2,0,3.3,0.1
6/12/2014 3:00,12.1,0,3.3,0.2
6/12/2014 4:00,12.1,0,4.3,0.1
6/12/2014 5:00,12,0,4.3,0.1
6/12/2014 6:00,12.1,0,3.3,6.8
6/12/2014 7:00,12.1,0,3.4,12.4
6/12/2014 8:00,12,0,3.2,12.4
6/12/2014 9:00,12.3,0.1,1.3,12.8
6/12/2014 10:00,12.2,0,1.5,12.7
6/12/2014 11:00,12.5,2.4,0.8,13.2
6/12/2014 12:00,12.5,0.5,0.6,13
6/12/2014 13:00,12.6,2.2,0.3,13.3
6/12/2014 14:00,12.5,0.7,0.3,13.1
6/12/2014 15:00,12.6,1.2,0.3,13.1
6/12/2014 16:00,12.6,1,0.3,13.2
6/12/2014 17:00,12.4,0,0.3,12.8
6/12/2014 18:00,12.3,0,0.3,0.3
6/12/2014 19:00,12.3,0,0.3,0.2
6/12/2014 20:00,12.1,0,1.1,0.3
6/12/2014 21:00,12.1,0,1.2,0.2
6/12/2014 22:00,12.1,0,1.1,0.3
6/12/2014 23:00,12.1,0,1.2,0.2
6/13/2014 0:00,12.1,0,1,0.4
6/13/2014 1:00,12.1,0,1.2,0.2
6/13/2014 2:00,12.1,0,1.2,0.2
6/13/2014 3:00,12.1,0,1.2,0.2
6/13/2014 4:00,12,0,0.8,0.2
6/13/2014 5:00,12.1,0,1.3,0.1
6/13/2014 6:00,12.1,0,0.3,9.4
6/13/2014 7:00,12.3,0.3,0.3,12.8
6/13/2014 8:00,12.6,2.7,0.4,13.4
6/13/2014 9:00,12.9,5.8,0.6,13.8
6/13/2014 10:00,13.6,12,0.5,14.8
6/13/2014 11:00,13.4,8.5,0.4,14.4
6/13/2014 12:00,13,0,0.3,19.8
6/13/2014 13:00,12.9,0,0.4,19.5
6/13/2014 14:00,13.2,0,0.3,19.2
6/13/2014 15:00,13.6,4.4,1.9,14.5
6/13/2014 16:00,12.8,0,2,13.3
6/13/2014 17:00,12.7,0,1,13.1
6/13/2014 18:00,12.5,0,1.8,0.1
6/13/2014 19:00,12.3,0,2.2,0.1
6/13/2014 20:00,12.3,0,2.3,0.1
6/13/2014 21:00,12.2,0,4.3,0.2
6/13/2014 22:00,12.3,0,1.2,0.2
6/13/2014 23:00,12.4,0,1.2,0.3
6/14/2014 0:00,12.3,0,1.2,0.2
6/14/2014 1:00,12.3,0,1.2,0.3
6/14/2014 2:00,12.1,0,1.3,0.2
6/14/2014 3:00,12.3,0,1.2,0.2
6/14/2014 4:00,12.2,0,2.3,0.1
6/14/2014 5:00,12.2,0,2.2,0.2
6/14/2014 6:00,12.2,0,1.2,8.8
6/14/2014 7:00,12.4,0.8,1.1,12.9
6/14/2014 8:00,13.5,11.1,0.3,14.7
6/14/2014 9:00,13.4,13.2,0.4,14.8
6/14/2014 10:00,12.6,0,2.4,19.9
6/14/2014 11:00,12.7,0,0.4,19.4
6/14/2014 12:00,12.6,0,2,19.4
6/14/2014 13:00,13.3,15.6,2.2,14.8
6/14/2014 14:00,12.8,0,0.7,19.2
6/14/2014 15:00,12.8,0,0.4,19.4
6/14/2014 16:00,13.5,5.9,0.4,14.4
6/14/2014 17:00,12.7,0,0.4,13.1
6/14/2014 18:00,12.4,0,2.3,0.1
6/14/2014 19:00,12.3,0,2.3,0.1
6/14/2014 20:00,12.3,0,2.3,0.1
6/14/2014 21:00,12.3,0,2.3,0.1
6/14/2014 22:00,12.2,0,2.1,0.1
6/14/2014 23:00,12.2,0,2.2,0.2
6/15/2014 0:00,12.2,0,2.2,0.3
6/15/2014 1:00,12.2,0,2.1,0.2
6/15/2014 2:00,12.1,0,2.2,0.1
6/15/2014 3:00,12.1,0,2.1,0.1
6/15/2014 4:00,12.1,0,2.2,0.1
6/15/2014 5:00,12.1,0,2,0.2
6/15/2014 6:00,12.1,0,1.2,8.6
6/15/2014 7:00,12.3,1.2,0.3,12.8
6/15/2014 8:00,13.3,10,0.2,14.4
6/15/2014 9:00,13.5,13.6,0.3,14.9
6/15/2014 10:00,12.7,0,0.5,19.4
6/15/2014 11:00,13.4,15.3,1.9,15
6/15/2014 12:00,12.5,0,2.1,19.8
6/15/2014 13:00,12.7,0,0.8,19.4
6/15/2014 14:00,12.7,0,0.4,19.5
6/15/2014 15:00,12.9,0,0.4,19.1
6/15/2014 16:00,12.9,1.4,0.4,13.5
6/15/2014 17:00,12.7,0,0.4,13.1
6/15/2014 18:00,12.4,0,1.3,0.1
6/15/2014 19:00,12.5,0,1.4,0.1
6/15/2014 20:00,12.3,0,2.3,0.1
6/15/2014 21:00,12.3,0,1.9,0.1
6/15/2014 22:00,12.2,0,2.3,0.1
6/15/2014 23:00,12.2,0,2.3,0.1
6/16/2014 0:00,12.2,0,2.3,0.2
6/16/2014 1:00,12.2,0,2.3,0.2
6/16/2014 2:00,12.1,0,2.3,0.1
6/16/2014 3:00,12.1,0,2.2,0.2
6/16/2014 4:00,12.1,0,2.4,0.2
6/16/2014 5:00,12.1,0,3.3,0.2
6/16/2014 6:00,12.1,0,2.4,10.9
6/16/2014 7:00,12.8,3.8,0.4,13.5
6/16/2014 8:00,13.3,9.6,0.4,14.4
6/16/2014 9:00,13.4,13.6,0.6,14.9
6/16/2014 10:00,12.8,0,0.2,19.8
6/16/2014 11:00,13.4,16.7,0.4,15
6/16/2014 12:00,12.8,0,0.3,19.1
6/16/2014 13:00,12.7,0,0.2,19.2
6/16/2014 14:00,12.8,0,0.2,19.3
6/16/2014 15:00,13.1,0,0.3,19.3
6/16/2014 16:00,13.8,4.8,0.3,14.6
6/16/2014 17:00,12.7,0,0.2,13.2
6/16/2014 18:00,12.6,0,0.2,0.1
6/16/2014 19:00,12.1,0,5.9,0.1
6/16/2014 20:00,12.1,0,5.8,0.1
6/16/2014 21:00,12,0,5.8,0.1
6/16/2014 22:00,11.9,0,5.8,0.1
6/16/2014 23:00,11.9,0,5.8,0.1
6/17/2014 0:00,11.8,0,5.9,0.1
6/17/2014 1:00,11.9,0,5.9,0.1
6/17/2014 2:00,11.9,0,6,0.1
6/17/2014 3:00,11.8,0,5.3,0.2
6/17/2014 4:00,11.8,0,6,0.1
6/17/2014 5:00,11.8,0,6,0.1
6/17/2014 6:00,11.7,0,6.2,10.9
6/17/2014 7:00,12.5,3.8,0.3,13
6/17/2014 8:00,13,9.5,0.3,14.1
6/17/2014 9:00,13.3,13.7,0.4,14.7
6/17/2014 10:00,13.5,15.4,0.4,15
6/17/2014 11:00,12.7,0,0.5,19.6
6/17/2014 12:00,13.5,16.6,0.4,15
6/17/2014 13:00,12.8,0,0.4,19.4
6/17/2014 14:00,12.8,0,0.3,19.6
6/17/2014 15:00,13,0,0.2,19.6
6/17/2014 16:00,13.5,5.4,0.3,14.3
6/17/2014 17:00,12.7,0,0.4,13.2
6/17/2014 18:00,12.5,0,1.2,0.1
6/17/2014 19:00,12.2,0,5.9,0.1
6/17/2014 20:00,12.1,0,6.8,0.1
6/17/2014 21:00,12.3,0,2.1,0.1
6/17/2014 22:00,12.3,0,2.2,0.1
6/17/2014 23:00,12.3,0,2.2,0.1
6/18/2014 0:00,12.2,0,2.2,0.1
6/18/2014 1:00,12.1,0,3.2,0.1
6/18/2014 2:00,12.2,0,2.6,0.2
6/18/2014 3:00,12.1,0,3.2,0.2
6/18/2014 4:00,12.1,0,3.2,0.1
6/18/2014 5:00,12.1,0,2.2,0.1
6/18/2014 6:00,12.3,0,0.3,8.9
6/18/2014 7:00,12.4,0.8,0.3,12.9
6/18/2014 8:00,12.8,3.7,0.3,13.3
6/18/2014 9:00,12.9,0,0.2,20.2
6/18/2014 10:00,12.8,0,0.3,19.8
6/18/2014 11:00,12.7,0,0.2,19.3
6/18/2014 12:00,12.7,0,0.2,19.6
6/18/2014 13:00,12.8,0,0.3,19.7
6/18/2014 14:00,12.8,0,0.3,19.7
6/18/2014 15:00,12.8,0,0.5,19.9
6/18/2014 16:00,13.6,5.9,0.3,14.5
6/18/2014 17:00,12.8,0.2,0.3,13.3
6/18/2014 18:00,12.3,0,5.1,0.2
6/18/2014 19:00,12.3,0,3.9,0.1
6/18/2014 20:00,12.2,0,4.2,0.1
6/18/2014 21:00,12.2,0,3.6,0.1
6/18/2014 22:00,12.1,0,3.5,0.1
6/18/2014 23:00,12.1,0,4.2,0.1
6/19/2014 0:00,12,0,4.2,0.1
6/19/2014 1:00,11.9,0,4.2,0.1
6/19/2014 2:00,12,0,4.2,0.1
6/19/2014 3:00,12,0,4.1,0.1
6/19/2014 4:00,12,0,3.3,0.1
6/19/2014 5:00,12,0,2.8,0.2
6/19/2014 6:00,12,0,3.3,10.8
6/19/2014 7:00,12.7,3.6,0.3,13.4
6/19/2014 8:00,13.1,9.4,0.4,14.3
6/19/2014 9:00,13.6,13.4,0.2,15
6/19/2014 10:00,13.5,15.7,0.3,15
6/19/2014 11:00,12.7,0,0.5,19.3
6/19/2014 12:00,12.7,0,0.2,19.1
6/19/2014 13:00,12.8,0,0.2,19.4
6/19/2014 14:00,12.8,0,0.2,19.6
6/19/2014 15:00,12.9,0,0.3,19.6
6/19/2014 16:00,13.8,5.1,0.3,14.6
6/19/2014 17:00,12.8,0.1,0.3,13.3
6/19/2014 18:00,12.5,0,1.4,0.1
6/19/2014 19:00,12.3,0,5,0.1
6/19/2014 20:00,12.1,0,2.3,0.1
6/19/2014 21:00,12.3,0,2.2,0.1
6/19/2014 22:00,12.3,0,2.2,0.1
6/19/2014 23:00,12.2,0,2.2,0.1
6/20/2014 0:00,12.2,0,2.2,0.1
6/20/2014 1:00,12.2,0,2.2,0.1
6/20/2014 2:00,12.2,0,2.2,0.2
6/20/2014 3:00,12.1,0,2.1,0.1
6/20/2014 4:00,12.1,0,2.2,0.1
6/20/2014 5:00,12.1,0,2.3,0.1
6/20/2014 6:00,12.1,0,2.2,10.7
6/20/2014 7:00,12.8,3.8,0.3,13.5
6/20/2014 8:00,13.3,9.6,0.3,14.5
6/20/2014 9:00,12.8,0,0.3,19.9
6/20/2014 10:00,12.8,0,0.3,19.8
6/20/2014 11:00,12.7,0,0.2,19.9
6/20/2014 12:00,12.7,0,0.3,20
6/20/2014 13:00,12.7,0,0.2,19.8
6/20/2014 14:00,12.8,0,0.3,19.9
6/20/2014 15:00,13.2,0,0.3,19.7
6/20/2014 16:00,13.8,4.9,0.5,14.7
6/20/2014 17:00,12.7,0,0.5,13.1
6/20/2014 18:00,12.2,0,5.7,0.2
6/20/2014 19:00,12.2,0,3.3,0.1
6/20/2014 20:00,12.1,0,3.5,0.1
6/20/2014 21:00,12.1,0,3.6,0.1
6/20/2014 22:00,12.1,0,3.3,0.1
6/20/2014 23:00,12.1,0,3.3,0.1
6/21/2014 0:00,12,0,3.3,0.2
6/21/2014 1:00,12,0,3.3,0.2
6/21/2014 2:00,11.9,0,3.3,0.1
6/21/2014 3:00,12,0,3.3,0.1
6/21/2014 4:00,12,0,3.3,0.1
6/21/2014 5:00,11.9,0,3.3,0.1
6/21/2014 6:00,11.9,0,3.3,7.7
6/21/2014 7:00,12,0,2.5,12.3
6/21/2014 8:00,11.9,0,5.4,12.4
6/21/2014 9:00,12.3,1.8,2.7,13
6/21/2014 10:00,12.2,0,1.8,12.8
6/21/2014 11:00,12.9,8.6,1.1,14
6/21/2014 12:00,13.1,11.5,1,14.4
6/21/2014 13:00,13.1,8.6,1.3,14.2
6/21/2014 14:00,12.3,0,3.9,12.8
6/21/2014 15:00,12.7,2.4,3.1,13.4
6/21/2014 16:00,12.6,1,1.1,13.2
6/21/2014 17:00,12.3,0,1.5,12.7
6/21/2014 18:00,12.3,0,1.3,0.1
6/21/2014 19:00,12.3,0,1.3,0.1
6/21/2014 20:00,12.2,0,1.1,0.2
6/21/2014 21:00,12.1,0,1.4,0.1
6/21/2014 22:00,12.2,0,1.2,0.1
6/21/2014 23:00,12.2,0,1.2,0.1
6/22/2014 0:00,12.1,0,1.2,0.1
6/22/2014 1:00,12.1,0,1.2,0.1
6/22/2014 2:00,12.1,0,1.2,0.1
6/22/2014 3:00,12,0,1.3,0.1
6/22/2014 4:00,12.1,0,1.2,0.1
6/22/2014 5:00,12.1,0,1.1,0.2
6/22/2014 6:00,12.1,0,1.2,8.8
6/22/2014 7:00,12.2,0.7,1.3,12.8
6/22/2014 8:00,13.1,9.4,1,14.3
6/22/2014 9:00,12.8,0,1,20.5
6/22/2014 10:00,12.8,0,1,20.9
6/22/2014 11:00,12.7,0,1,20.6
6/22/2014 12:00,13.2,6.2,1.1,14.2
6/22/2014 13:00,12.8,0,1.2,20.6
6/22/2014 14:00,13.8,6.1,1.1,14.7
6/22/2014 15:00,12.8,0.8,1.8,13.5
6/22/2014 16:00,12.8,0,1,19.9
6/22/2014 17:00,12.5,0,1.3,12.9
6/22/2014 18:00,12.2,0,1.4,0.1
6/22/2014 19:00,12.3,0,3.3,0.1
6/22/2014 20:00,12.2,0,3,0.1
6/22/2014 21:00,12.2,0,3.3,0.1
6/22/2014 22:00,12.2,0,3.2,0.1
6/22/2014 23:00,12.1,0,3.3,0.1
6/23/2014 0:00,12.2,0,3.2,0.1
6/23/2014 1:00,12.1,0,3.2,0.1
6/23/2014 2:00,12.1,0,3.2,0.1
6/23/2014 3:00,12,0,3.3,0.1
6/23/2014 4:00,11.9,0,5.1,0.2
6/23/2014 5:00,11.9,0,5.1,0.1
6/23/2014 6:00,12.1,0,0.2,10
6/23/2014 7:00,12.7,3.9,0.3,13.5
6/23/2014 8:00,12.7,3.3,0.3,13.4
6/23/2014 9:00,12.8,4.6,0.3,13.6
6/23/2014 10:00,13.5,14.9,0.5,15
6/23/2014 11:00,12.7,0,0.7,20.6
6/23/2014 12:00,12.7,0,0.3,19.8
6/23/2014 13:00,13.5,6.4,0.6,14.4
6/23/2014 14:00,13.6,7.6,0.4,14.6
6/23/2014 15:00,12.8,0,0.5,19.9
6/23/2014 16:00,13.2,0,0.3,20.1
6/23/2014 17:00,12.8,0.1,0.3,13.2
6/23/2014 18:00,12.3,0,3.2,0.1
6/23/2014 19:00,12.3,0,3.3,0.1
6/23/2014 20:00,12.2,0,3.2,0.1
6/23/2014 21:00,12.1,0,4.1,0.1
6/23/2014 22:00,12.1,0,4.2,0.1
6/23/2014 23:00,12.1,0,4.2,0.1
6/24/2014 0:00,12,0,4.2,0.1
6/24/2014 1:00,12,0,4.2,0.1
6/24/2014 2:00,12,0,4.2,0.1
6/24/2014 3:00,12,0,2.2,0.1
6/24/2014 4:00,12,0,2.2,0.1
6/24/2014 5:00,12,0,2.2,0.2
6/24/2014 6:00,12.1,0,0.3,10.6
6/24/2014 7:00,12.8,4.3,0.3,13.5
6/24/2014 8:00,13.2,10.1,0.3,14.3
6/24/2014 9:00,12.8,0,0.2,20
6/24/2014 10:00,12.7,0,0.2,19.9
6/24/2014 11:00,12.6,0,0.1,19.3
6/24/2014 12:00,12.6,0,0.2,19.6
6/24/2014 13:00,12.7,0,0.2,20.1
6/24/2014 14:00,12.7,0,0.5,19.8
6/24/2014 15:00,13.3,11.5,0.4,14.6
6/24/2014 16:00,13,0,0.3,19.6
6/24/2014 17:00,12.8,0.4,0.3,13.3
6/24/2014 18:00,12.5,0,1.2,0.1
6/24/2014 19:00,12.3,0,2.2,0.1
6/24/2014 20:00,12.3,0,2.1,0.1
6/24/2014 21:00,12.3,0,2.2,0.1
6/24/2014 22:00,12.3,0,2.1,0.1
6/24/2014 23:00,12.2,0,1.8,0.1
6/25/2014 0:00,12.2,0,2.2,0.1
6/25/2014 1:00,12.2,0,1.8,0.2
6/25/2014 2:00,12.2,0,2.1,0.1
6/25/2014 3:00,12.1,0,2.2,0.1
6/25/2014 4:00,12.1,0,1.8,0.2
6/25/2014 5:00,12.1,0,2.2,0.1
6/25/2014 6:00,12.1,0,2.2,10
6/25/2014 7:00,12.6,1.9,0.3,13.2
6/25/2014 8:00,13.6,11.4,0.3,14.8
6/25/2014 9:00,12.8,0,0.3,20
6/25/2014 10:00,12.7,0,0.5,19.6
6/25/2014 11:00,13.3,11.2,0.7,14.6
6/25/2014 12:00,12.6,0,0.6,19.8
6/25/2014 13:00,12.8,0,0.3,19.2
6/25/2014 14:00,12.7,0,0.2,19.7
6/25/2014 15:00,13.2,11.2,0.3,14.4
6/25/2014 16:00,13.8,6,0.3,14.7
6/25/2014 17:00,12.8,0.5,0.2,13.3
6/25/2014 18:00,12.6,0,1.3,0.1
6/25/2014 19:00,12.3,0,2.1,0.1
6/25/2014 20:00,12.4,0,1.1,0.1
6/25/2014 21:00,12.3,0,1.1,0.2
6/25/2014 22:00,12.3,0,1.2,0.1
6/25/2014 23:00,12.3,0,1.2,0.1
6/26/2014 0:00,12.3,0,1.2,0.1
6/26/2014 1:00,12.3,0,1.2,0.1
6/26/2014 2:00,12.2,0,1.2,0.1
6/26/2014 3:00,12.2,0,1.3,0.2
6/26/2014 4:00,12.2,0,1.2,0.1
6/26/2014 5:00,12.1,0,2.2,0.2
6/26/2014 6:00,12.1,0,2.2,10.4
6/26/2014 7:00,12.8,3.3,1.3,13.4
6/26/2014 8:00,13.5,8.8,1.2,14.6
6/26/2014 9:00,13.6,12.6,1.2,14.7
6/26/2014 10:00,12.7,0,0.4,19.5
6/26/2014 11:00,12.7,0,0.5,19.3
6/26/2014 12:00,12.7,0,0.3,19.2
6/26/2014 13:00,12.8,0,0.4,19
6/26/2014 14:00,13,0,0.4,18.4
6/26/2014 15:00,13.5,10.7,0.5,14.6
6/26/2014 16:00,13.3,0,0.5,19.2
6/26/2014 17:00,12.7,0.1,0.3,13.2
6/26/2014 18:00,12.6,0,0.2,0.1
6/26/2014 19:00,12.4,0,1.3,0.1
6/26/2014 20:00,12.4,0,1.2,0.2
6/26/2014 21:00,12.4,0,1.2,0.1
6/26/2014 22:00,12.4,0,1.2,0.1
6/26/2014 23:00,12.3,0,1.2,0.1
6/27/2014 0:00,12.3,0,1.2,0.1
6/27/2014 1:00,12.3,0,1.2,0.1
6/27/2014 2:00,12.3,0,1,0.2
6/27/2014 3:00,12.3,0,1.2,0.1
6/27/2014 4:00,12.2,0,1.2,0.1
6/27/2014 5:00,12.2,0,1.2,0.1
6/27/2014 6:00,12.3,0,0.3,8.6
6/27/2014 7:00,12.7,2,0.3,13.4
6/27/2014 8:00,12.8,0,0.2,20
6/27/2014 9:00,12.8,0,0.3,19.7
6/27/2014 10:00,12.8,0,0.2,19.4
6/27/2014 11:00,12.7,0,0.1,19.2
6/27/2014 12:00,12.7,0,0.3,19
6/27/2014 13:00,12.7,0,0.5,19.3
6/27/2014 14:00,13.6,2.4,0.3,14.2
6/27/2014 15:00,13,0,0.2,19.4
6/27/2014 16:00,13.6,0,0.2,19.1
6/27/2014 17:00,12.8,0.2,0.3,13.2
6/27/2014 18:00,12.6,0,0.3,0.1
6/27/2014 19:00,12.4,0,1.2,0.1
6/27/2014 20:00,12.4,0,1.2,0.1
6/27/2014 21:00,12.4,0,1.2,0.1
6/27/2014 22:00,12.4,0,1.2,0.1
6/27/2014 23:00,12.3,0,1,0.1
6/28/2014 0:00,12.2,0,2.1,0.1
6/28/2014 1:00,12.2,0,2.1,0.1
6/28/2014 2:00,12.2,0,2.1,0.1
6/28/2014 3:00,12.2,0,2,0.1
6/28/2014 4:00,12.1,0,2.1,0.1
6/28/2014 5:00,12.1,0,1.8,0.1
6/28/2014 6:00,12.3,0,0.3,10.1
6/28/2014 7:00,12.9,3.9,0.3,13.6
6/28/2014 8:00,13.5,9.4,0.3,14.6
6/28/2014 9:00,12.8,0,0.2,20
6/28/2014 10:00,12.8,0,0.2,19.8
6/28/2014 11:00,12.7,0,0.2,19.6
6/28/2014 12:00,12.6,0,0.1,19.7
6/28/2014 13:00,12.7,0,0.5,19.8
6/28/2014 14:00,12.8,0,0.4,19.8
6/28/2014 15:00,12.8,0,0.4,19.6
6/28/2014 16:00,13.3,6,0.4,14.3
6/28/2014 17:00,12.8,0.2,0.4,13.2
6/28/2014 18:00,12.2,0,5,0.1
6/28/2014 19:00,12.3,0,1.8,0.1
6/28/2014 20:00,12.3,0,2.2,0.1
6/28/2014 21:00,12.2,0,2.1,0.1
6/28/2014 22:00,12.2,0,2.1,0.1
6/28/2014 23:00,12.2,0,2.2,0.1
6/29/2014 0:00,12.1,0,1.9,0.1
6/29/2014 1:00,12.1,0,2.2,0.1
6/29/2014 2:00,12.1,0,2.2,0.1
6/29/2014 3:00,12.1,0,1.8,0.2
6/29/2014 4:00,12.1,0,2.2,0.2
6/29/2014 5:00,12.1,0,1.1,0.2
6/29/2014 6:00,12.3,0,0.3,9.8
6/29/2014 7:00,12.8,4,0.5,13.6
6/29/2014 8:00,13,5.3,0.3,13.9
6/29/2014 9:00,13.2,8.5,0.3,14.2
6/29/2014 10:00,12.8,0,0.3,20.5
6/29/2014 11:00,12.7,0,0.4,19.8
6/29/2014 12:00,12.7,0,0.3,19.8
6/29/2014 13:00,12.7,0,0.4,19.9
6/29/2014 14:00,13,0,0.3,19.9
6/29/2014 15:00,13.1,0,0.2,19.7
6/29/2014 16:00,13.2,6.1,0.4,14.1
6/29/2014 17:00,12.8,0.3,0.5,13.3
6/29/2014 18:00,12.5,0,1.2,0.1
6/29/2014 19:00,12.3,0,3,0.1
6/29/2014 20:00,12.2,0,3.9,0.1
6/29/2014 21:00,12.2,0,2.1,0.1
6/29/2014 22:00,12.3,0,1.2,0.1
6/29/2014 23:00,12.3,0,1.2,0.2
6/30/2014 0:00,12.2,0,1.2,0.1
6/30/2014 1:00,12.1,0,3,0.2
6/30/2014 2:00,12.1,0,3.2,0.1
6/30/2014 3:00,12.1,0,3.1,0.2
6/30/2014 4:00,12,0,3.2,0.1
6/30/2014 5:00,11.9,0,3.4,0.1
6/30/2014 6:00,12,0,3.2,9.1
6/30/2014 7:00,12.7,2.9,0.5,13.4
6/30/2014 8:00,13.1,9,0.3,14.2
6/30/2014 9:00,12.9,4.8,0.2,13.7
6/30/2014 10:00,12.8,3.3,0.2,13.6
6/30/2014 11:00,12.7,0,0.2,19.7
6/30/2014 12:00,12.7,0,0.2,19.6
6/30/2014 13:00,13.1,4.4,0.3,13.9
6/30/2014 14:00,13.3,14.1,0.3,14.8
6/30/2014 15:00,12.8,0,0.2,19.8
6/30/2014 16:00,12.9,0,0.6,19.4
6/30/2014 17:00,12.7,0,0.2,13.1
6/30/2014 18:00,12.3,0,4.1,0.1
6/30/2014 19:00,12.2,0,4.1,0.1
6/30/2014 20:00,12.2,0,4.1,0.1
6/30/2014 21:00,12.1,0,4,0.1
6/30/2014 22:00,12.1,0,4,0.1
6/30/2014 23:00,12,0,3.6,0.1
7/1/2014 0:00,12,0,3.4,0.1
7/1/2014 1:00,11.9,0,4.2,0.1
7/1/2014 2:00,11.9,0,4.1,0.1
7/1/2014 3:00,11.9,0,4.1,0.1
7/1/2014 4:00,11.9,0,4.1,0.2
7/1/2014 5:00,11.9,0,4.1,0.1
7/1/2014 6:00,12,0,2.3,9.3
7/1/2014 7:00,12.5,2.7,1.2,13.2
7/1/2014 8:00,12.8,4.7,0.3,13.6
7/1/2014 9:00,13,7.5,0.2,14
7/1/2014 10:00,13.4,12.1,0.3,14.6
7/1/2014 11:00,12.7,0,0.3,20.3
7/1/2014 12:00,12.7,0,0.2,20.4
7/1/2014 13:00,12.8,0,0.3,19.4
7/1/2014 14:00,12.8,0,0.4,20.6
7/1/2014 15:00,13.5,11.1,0.4,14.8
7/1/2014 16:00,13,1.9,0.2,13.6
7/1/2014 17:00,12.7,0,0.3,13.2
7/1/2014 18:00,12.2,0,4.9,0.1
7/1/2014 19:00,12.2,0,4.8,0.1
7/1/2014 20:00,12.1,0,4.9,0.1
7/1/2014 21:00,12.1,0,4.9,0.1
7/1/2014 22:00,12,0,5.2,0.2
7/1/2014 23:00,11.8,0,7.5,0.1
7/2/2014 0:00,11.7,0,7.9,0.1
7/2/2014 1:00,11.8,0,5.3,0.1
7/2/2014 2:00,11.9,0,4,0.2
7/2/2014 3:00,11.8,0,5.2,0.1
7/2/2014 4:00,11.8,0,5.2,0.1
7/2/2014 5:00,11.8,0,5.3,0.1
7/2/2014 6:00,11.9,0,3.4,9.4
7/2/2014 7:00,12.2,2.2,0.5,12.8
7/2/2014 8:00,13,10.6,0.5,14.2
7/2/2014 9:00,12.8,6.7,0.5,13.7
7/2/2014 10:00,12.5,0,0.7,20.1
7/2/2014 11:00,13.3,13.8,0.6,14.8
7/2/2014 12:00,12.6,0,0.2,20.2
7/2/2014 13:00,12.6,0,0.3,19.9
7/2/2014 14:00,12.7,0,0.2,20
7/2/2014 15:00,13.1,5.7,0.3,14
7/2/2014 16:00,13.3,6.2,0.4,14.2
7/2/2014 17:00,12.7,0.2,0.2,13.1
7/2/2014 18:00,12.3,0,4.2,0.1
7/2/2014 19:00,12.4,0,1.2,0.1
7/2/2014 20:00,12.4,0,1.6,0.2
7/2/2014 21:00,12.4,0,1.6,0.1
7/2/2014 22:00,12.2,0,4.9,0.1
7/2/2014 23:00,12.3,0,1.5,0.1
7/3/2014 0:00,12.2,0,3.5,0.1
7/3/2014 1:00,12.1,0,3.8,0.1
7/3/2014 2:00,12.1,0,2.2,0.2
7/3/2014 3:00,12.1,0,2.4,0.1
7/3/2014 4:00,12.1,0,2.5,0.1
7/3/2014 5:00,12,0,2.2,0.2
7/3/2014 6:00,12.1,0,0.4,9.1
7/3/2014 7:00,12.6,2.6,0.3,13.3
7/3/2014 8:00,13.2,9.5,0.3,14.3
7/3/2014 9:00,12.8,0,0.2,20.3
7/3/2014 10:00,12.7,0,0.2,19.9
7/3/2014 11:00,12.7,0,0.2,20.1
7/3/2014 12:00,12.5,0,0.2,19.5
7/3/2014 13:00,13.4,15.2,0.4,15
7/3/2014 14:00,12.7,0,0.2,19.5
7/3/2014 15:00,12.8,0,0.2,19.2
7/3/2014 16:00,13,1.8,0.2,13.6
7/3/2014 17:00,12.8,0.5,0.3,13.3
7/3/2014 18:00,12.4,0,2.1,0.1
7/3/2014 19:00,12.4,0,2.1,0.2
7/3/2014 20:00,12.3,0,2.1,0.1
7/3/2014 21:00,12.3,0,1.8,0.1
7/3/2014 22:00,12.2,0,3.1,0.1
7/3/2014 23:00,12.1,0,5.9,0.1
7/4/2014 0:00,12.2,0,1.9,0.1
7/4/2014 1:00,12.2,0,1.7,0.1
7/4/2014 2:00,12.1,0,2.4,0.1
7/4/2014 3:00,12.1,0,1.6,0.2
7/4/2014 4:00,12.1,0,1.4,0.1
7/4/2014 5:00,12.1,0,1.6,0.1
7/4/2014 6:00,12.1,0,1.3,7.4
7/4/2014 7:00,12.2,0.6,0.4,12.8
7/4/2014 8:00,12.7,3.4,0,13.5
7/4/2014 9:00,12.9,5.5,0,13.8
7/4/2014 10:00,12.9,0,0,19.9
7/4/2014 11:00,13.7,6.8,2.6,14.7
7/4/2014 12:00,12.7,0,3.6,19.7
7/4/2014 13:00,13.5,10.8,0.6,14.7
7/4/2014 14:00,12.8,0,0.4,18.8
7/4/2014 15:00,12.9,0,0.4,19.2
7/4/2014 16:00,13.3,2.3,0.4,13.8
7/4/2014 17:00,12.5,0,1.5,12.8
7/4/2014 18:00,12.3,0,4,0.1
7/4/2014 19:00,12.2,0,3,0.1
7/4/2014 20:00,12.3,0,1.9,0.1
7/4/2014 21:00,12.3,0,2.2,0.1
7/4/2014 22:00,12.2,0,2.2,0.1
7/4/2014 23:00,12.2,0,1.8,0.1
7/5/2014 0:00,12.3,0,2.2,0.1
7/5/2014 1:00,12.2,0,1.9,0.1
7/5/2014 2:00,12.1,0,1.8,0.2
7/5/2014 3:00,12.1,0,2.1,0.1
7/5/2014 4:00,12,0,1.7,0.1
7/5/2014 5:00,12.1,0,1.8,0.2
7/5/2014 6:00,12.1,0,1.2,9
7/5/2014 7:00,12.3,1.2,0.3,13
7/5/2014 8:00,12.7,2.2,0.3,13.3
7/5/2014 9:00,12.7,0,0.3,20.5
7/5/2014 10:00,12.8,0,0.2,19.7
7/5/2014 11:00,12.7,0,0.2,19.5
7/5/2014 12:00,12.7,0,0.2,19.3
7/5/2014 13:00,12.7,0,0.3,19.4
7/5/2014 14:00,13.6,5.4,0.3,14.4
7/5/2014 15:00,13,0,0.2,19.9
7/5/2014 16:00,13,1.5,0.3,13.6
7/5/2014 17:00,12.7,0,0.2,13.1
7/5/2014 18:00,12.4,0,3,0.1
7/5/2014 19:00,12.3,0,2.4,0.1
7/5/2014 20:00,12.2,0,2.3,0.1
7/5/2014 21:00,12.3,0,2.2,0.1
7/5/2014 22:00,12.2,0,2.1,0.1
7/5/2014 23:00,12.3,0,2.1,0
7/6/2014 0:00,12.2,0,2.1,0.1
7/6/2014 1:00,12.2,0,2.1,0.1
7/6/2014 2:00,12.1,0,2.2,0.1
7/6/2014 3:00,12.1,0,1.8,0.2
7/6/2014 4:00,12,0,3.8,0.2
7/6/2014 5:00,12,0,4.2,0.2
7/6/2014 6:00,11.9,0,4.1,8.8
7/6/2014 7:00,12.8,4.3,0.2,13.6
7/6/2014 8:00,12.7,3.1,0.3,13.4
7/6/2014 9:00,12.9,5.6,0.2,13.8
7/6/2014 10:00,13.3,10.9,0.3,14.5
7/6/2014 11:00,12.8,0,0.2,19.4
7/6/2014 12:00,12.7,0,0.2,19.2
7/6/2014 13:00,13.7,10.8,0.3,14.8
7/6/2014 14:00,12.8,0,0.3,19.3
7/6/2014 15:00,13.6,3.4,0.3,14.3
7/6/2014 16:00,13,1.6,0,13.7
7/6/2014 17:00,12.4,0,3.4,12.8
7/6/2014 18:00,12.4,0,1.3,0.1
7/6/2014 19:00,12.2,0,4.4,0.1
7/6/2014 20:00,12.1,0,4,0
7/6/2014 21:00,12.1,0,4.1,0.2
7/6/2014 22:00,12,0,5.6,0.1
7/6/2014 23:00,11.9,0,4.1,0.1
7/7/2014 0:00,11.9,0,3.9,0.1
7/7/2014 1:00,11.9,0,3.7,0.1
7/7/2014 2:00,11.9,0,4.1,0.2
7/7/2014 3:00,11.8,0,5.1,0.1
7/7/2014 4:00,11.8,0,5.1,0.1
7/7/2014 5:00,11.9,0,3.3,0.1
7/7/2014 6:00,11.9,0,3.8,9
7/7/2014 7:00,12.3,2.2,1.1,13
7/7/2014 8:00,12.8,7.6,1,13.9
7/7/2014 9:00,13.2,11.9,0.7,14.5
7/7/2014 10:00,12.9,0,0.5,19.7
7/7/2014 11:00,12.8,0,0.4,19.2
7/7/2014 12:00,12.8,0,0.2,19.2
7/7/2014 13:00,13.5,14.2,0.4,15
7/7/2014 14:00,12.6,0,0.3,19
7/7/2014 15:00,12.9,0,0.2,19.3
7/7/2014 16:00,13.4,5.2,0.3,14.3
7/7/2014 17:00,12.8,0.1,0.3,13.2
7/7/2014 18:00,12.6,0,0.3,0.1
7/7/2014 19:00,12.5,0,0.2,0.1
7/7/2014 20:00,12.3,0,2,0.1
7/7/2014 21:00,12.4,0,2.1,0
7/7/2014 22:00,12.3,0,2.2,0.1
7/7/2014 23:00,12.3,0,2.2,0.1
7/8/2014 0:00,12.3,0,2.1,0.1
7/8/2014 1:00,12.3,0,2.1,0.1
7/8/2014 2:00,12.2,0,2.1,0.1
7/8/2014 3:00,12.2,0,2.1,0.2
7/8/2014 4:00,12.2,0,2.1,0.1
7/8/2014 5:00,12.1,0,2.1,0.1
7/8/2014 6:00,12.3,0,0.3,8
7/8/2014 7:00,12.4,1.1,0.3,13
7/8/2014 8:00,13.2,8,0.6,14.2
7/8/2014 9:00,12.8,0,0.5,19.9
7/8/2014 10:00,12.7,0,0.3,19.8
7/8/2014 11:00,12.7,0,0.5,19.4
7/8/2014 12:00,12.7,0,0.5,19.2
7/8/2014 13:00,12.7,0,0.5,19.2
7/8/2014 14:00,12.8,0,0.3,19.4
7/8/2014 15:00,13,0,0.5,19.4
7/8/2014 16:00,13.4,2.4,0.4,14.1
7/8/2014 17:00,12.8,0.2,0.4,13.2
7/8/2014 18:00,12.5,0,1.2,0.1
7/8/2014 19:00,12.4,0,1.3,0.1
7/8/2014 20:00,12.4,0,1.2,0.1
7/8/2014 21:00,12.4,0,1.1,0.1
7/8/2014 22:00,12.4,0,1.1,0.1
7/8/2014 23:00,12.3,0,1.2,0.1
7/9/2014 0:00,12.3,0,1.2,0.1
7/9/2014 1:00,12.3,0,1.2,0.1
7/9/2014 2:00,12.3,0,1.2,0.1
7/9/2014 3:00,12.3,0,1.2,0.1
7/9/2014 4:00,12.3,0,1.2,0.1
7/9/2014 5:00,12.2,0,1.2,0.1
7/9/2014 6:00,12.4,0,0.4,7.4
7/9/2014 7:00,12.4,0,0.3,12.8
7/9/2014 8:00,12.5,1.6,0.3,13.2
7/9/2014 9:00,12.9,3.7,0.3,13.6
7/9/2014 10:00,13.1,4.3,0.5,13.9
7/9/2014 11:00,13.3,3.3,0.8,14
7/9/2014 12:00,13,1.3,0.7,13.5
7/9/2014 13:00,12.9,1.2,0.8,13.6
7/9/2014 14:00,13.7,2.8,0.6,14.4
7/9/2014 15:00,13.8,2.8,0.6,14.5
7/9/2014 16:00,13,0,0.8,19.8
7/9/2014 17:00,12.8,0,0.5,13.2
7/9/2014 18:00,12.5,0,1.8,0.2
7/9/2014 19:00,12.4,0,2.2,0.1
7/9/2014 20:00,12.4,0,2,0.3
7/9/2014 21:00,12.3,0,2.2,0.2
7/9/2014 22:00,12.3,0,2.2,0.1
7/9/2014 23:00,12.3,0,2.3,0.1
7/10/2014 0:00,12.3,0,1.8,0.2
7/10/2014 1:00,12.2,0,1.8,0.2
7/10/2014 2:00,12.2,0,2,0.2
7/10/2014 3:00,12.1,0,2.2,0.1
7/10/2014 4:00,12.1,0,2.2,0.1
7/10/2014 5:00,12.1,0,2.3,0.1
7/10/2014 6:00,12.2,0,0.3,9.3
7/10/2014 7:00,12.8,3.6,0.2,13.6
7/10/2014 8:00,13.4,9.2,0.3,14.4
7/10/2014 9:00,12.8,0,0.3,20.8
7/10/2014 10:00,13.5,5.9,0.4,14.5
7/10/2014 11:00,12.8,0,0.2,20.6
7/10/2014 12:00,13.1,0,0.3,20.2
7/10/2014 13:00,13.4,5.1,0.3,14.2
7/10/2014 14:00,13,1,0.3,13.5
7/10/2014 15:00,13.4,5,0.3,14.3
7/10/2014 16:00,13.1,1,0.6,13.6
7/10/2014 17:00,12.8,0,0.6,13.2
7/10/2014 18:00,12.6,0,1.4,0.2
7/10/2014 19:00,12.3,0,4.1,0.1
7/10/2014 20:00,12.2,0,4.1,0.2
7/10/2014 21:00,12.1,0,3.6,0.2
7/10/2014 22:00,12.2,0,3.8,0.1
7/10/2014 23:00,12.1,0,4.1,0.1
7/11/2014 0:00,12,0,4.1,0.2
7/11/2014 1:00,12,0,4.1,0.1
7/11/2014 2:00,11.9,0,4.1,0.1
7/11/2014 3:00,11.9,0,4.1,0.1
7/11/2014 4:00,11.9,0,4.1,0.1
7/11/2014 5:00,11.8,0,6.2,0.1
7/11/2014 6:00,12,0,0.9,9.5
7/11/2014 7:00,12.5,1,3.6,13.1
7/11/2014 8:00,13.1,9.2,1.6,14.2
7/11/2014 9:00,13.6,13.7,1.3,15
7/11/2014 10:00,12.8,0,0.7,21.1
7/11/2014 11:00,12.7,0,0.6,20.5
7/11/2014 12:00,13,4.5,0.6,13.8
7/11/2014 13:00,12.7,0,0.7,19.9
7/11/2014 14:00,13.3,7.6,0.6,14.3
7/11/2014 15:00,13.2,5.3,0.6,14.1
7/11/2014 16:00,13.2,3.8,0.8,14
7/11/2014 17:00,12.7,0,0.9,13
7/11/2014 18:00,12.4,0,2.7,0.2
7/11/2014 19:00,12.4,0,1.8,0.1
7/11/2014 20:00,12.3,0,2.3,0.1
7/11/2014 21:00,12.3,0,2.3,0.1
7/11/2014 22:00,12.1,0,4.2,0.1
7/11/2014 23:00,12.1,0,3.9,0.2
7/12/2014 0:00,12.1,0,4.2,0.1
7/12/2014 1:00,12,0,4.5,0.2
7/12/2014 2:00,11.9,0,4.2,0.1
7/12/2014 3:00,11.9,0,4.2,0.2
7/12/2014 4:00,11.8,0,5.7,0.2
7/12/2014 5:00,11.8,0,5,0.1
7/12/2014 6:00,11.9,0,1.2,7.4
7/12/2014 7:00,12.1,0,1.3,12.6
7/12/2014 8:00,12.4,2.6,0.8,13.2
7/12/2014 9:00,12.7,3.8,0.9,13.4
7/12/2014 10:00,12.8,5.8,0.9,13.7
7/12/2014 11:00,12.9,5.8,0.7,13.8
7/12/2014 12:00,13.6,14.6,0.5,15
7/12/2014 13:00,13.2,7.3,0.5,14.2
7/12/2014 14:00,13.5,8.3,0.6,14.4
7/12/2014 15:00,13.4,5.8,0.5,14.2
7/12/2014 16:00,13,2.2,0.5,13.7
7/12/2014 17:00,12.7,0,0.5,13.1
7/12/2014 18:00,12.4,0,3.4,0.1
7/12/2014 19:00,12.3,0,3.3,0.1
7/12/2014 20:00,12,0,7.7,0
7/12/2014 21:00,12.1,0,3.6,0.1
7/12/2014 22:00,12.1,0,4.3,0.2
7/12/2014 23:00,12,0,4.4,0.2
7/13/2014 0:00,12,0,4.2,0.2
7/13/2014 1:00,11.9,0,4.1,0.2
7/13/2014 2:00,11.9,0,4.2,0
7/13/2014 3:00,11.8,0,4.4,0.2
7/13/2014 4:00,11.7,0,4.4,0.1
7/13/2014 5:00,11.8,0,4.4,0.1
7/13/2014 6:00,12,0,0.7,6.6
7/13/2014 7:00,12.1,0,1,12.5
7/13/2014 8:00,12.5,2.9,1.7,13.3
7/13/2014 9:00,13.2,11.3,1,14.3
7/13/2014 10:00,13.4,13.8,0.6,14.9
7/13/2014 11:00,12.5,0,0.7,19.9
7/13/2014 12:00,12.7,0,0.8,19.4
7/13/2014 13:00,12.7,0,0.8,19.6
7/13/2014 14:00,13.3,14.2,0.5,14.9
7/13/2014 15:00,12.8,0,0.5,19.5
7/13/2014 16:00,13.6,6.5,0.5,14.5
7/13/2014 17:00,12.8,0.6,0.5,13.3
7/13/2014 18:00,12.3,0,2.3,0.1
7/13/2014 19:00,12.4,0,2.1,0.1
7/13/2014 20:00,12.3,0,2.1,0.1
7/13/2014 21:00,12.3,0,2.1,0.1
7/13/2014 22:00,12.3,0,2.1,0.1
7/13/2014 23:00,12.2,0,2.2,0.1
7/14/2014 0:00,12.2,0,2.2,0.2
7/14/2014 1:00,12.2,0,2.1,0.2
7/14/2014 2:00,12.2,0,2.2,0.2
7/14/2014 3:00,12.1,0,2.2,0.1
7/14/2014 4:00,12.1,0,2.2,0.2
7/14/2014 5:00,12.1,0,2.2,0.2
7/14/2014 6:00,12.2,0,0.2,7.7
7/14/2014 7:00,12.5,1,0.3,13
7/14/2014 8:00,12.8,3.4,0.3,13.5
7/14/2014 9:00,12.8,0,0.2,20.3
7/14/2014 10:00,12.7,0,0.2,19.9
7/14/2014 11:00,12.6,0,0.5,19.9
7/14/2014 12:00,12.6,0,0.3,19.7
7/14/2014 13:00,12.7,0,0.7,19.1
7/14/2014 14:00,12.8,0,0.7,20.7
7/14/2014 15:00,13.7,5.2,0.4,14.5
7/14/2014 16:00,13.7,6.2,0.3,14.7
7/14/2014 17:00,12.8,0.5,0.2,13.3
7/14/2014 18:00,12.5,0,3.3,0.2
7/14/2014 19:00,12.3,0,3.3,0.1
7/14/2014 20:00,12.1,0,4,0.1
7/14/2014 21:00,12.1,0,3.8,0.1
7/14/2014 22:00,12.1,0,4.1,0.1
7/14/2014 23:00,12,0,4.2,0
7/15/2014 0:00,12,0,4.2,0.1
7/15/2014 1:00,11.9,0,4.1,0.1
7/15/2014 2:00,11.9,0,4.1,0.1
7/15/2014 3:00,11.9,0,4.1,0.1
7/15/2014 4:00,11.8,0,4.3,0.1
7/15/2014 5:00,11.8,0,4.2,0.1
7/15/2014 6:00,11.8,0,4.1,7.5
7/15/2014 7:00,12.1,0.7,0.4,12.7
7/15/2014 8:00,12.6,3.5,0.3,13.3
7/15/2014 9:00,12.8,7.5,0.6,13.9
7/15/2014 10:00,13,7,0.5,14
7/15/2014 11:00,13.6,12.1,0.4,14.9
7/15/2014 12:00,12.8,1.9,0.2,13.4
7/15/2014 13:00,13,3.3,0.2,13.7
7/15/2014 14:00,13.7,6.1,0.5,14.6
7/15/2014 15:00,12.6,0,0.2,13.1
7/15/2014 16:00,12.8,0.9,0.5,13.4
7/15/2014 17:00,12.6,0,0.3,12.9
7/15/2014 18:00,12.4,0,1.2,0.1
7/15/2014 19:00,12.4,0,1.2,0.1
7/15/2014 20:00,12.2,0,4.2,0.1
7/15/2014 21:00,12.2,0,3.5,0.2
7/15/2014 22:00,12.1,0,4,0.1
7/15/2014 23:00,12.1,0,4.1,0.1
7/16/2014 0:00,12,0,4.2,0.1
7/16/2014 1:00,12,0,4.1,0.1
7/16/2014 2:00,11.9,0,4.1,0.1
7/16/2014 3:00,11.9,0,4.1,0.1
7/16/2014 4:00,11.8,0,4.1,0.1
7/16/2014 5:00,12,0,1.9,0.2
7/16/2014 6:00,11.9,0,2,7.1
7/16/2014 7:00,12.1,0,1.2,12.5
7/16/2014 8:00,12.4,1.8,0.3,13
7/16/2014 9:00,12.7,5.5,0.6,13.6
7/16/2014 10:00,12.7,0,0.5,19.9
7/16/2014 11:00,12.6,0,0.6,20.5
7/16/2014 12:00,12.5,0,0.4,20
7/16/2014 13:00,13.2,7.8,0.5,14.2
7/16/2014 14:00,13.1,6.3,0.2,14.1
7/16/2014 15:00,12.8,0,0.2,20.3
7/16/2014 16:00,13.2,6.7,0.3,14.1
7/16/2014 17:00,12.8,0.2,0.3,13.2
7/16/2014 18:00,12.4,0,1.9,0.2
7/16/2014 19:00,12.4,0,1.7,0.1
7/16/2014 20:00,12.3,0,2.1,0.1
7/16/2014 21:00,12.3,0,2.1,0.1
7/16/2014 22:00,12.2,0,3.1,0.1
7/16/2014 23:00,12.2,0,2.2,0.1
7/17/2014 0:00,12.2,0,2.2,0.1
7/17/2014 1:00,12.2,0,1.2,0.1
7/17/2014 2:00,12.2,0,1.3,0.1
7/17/2014 3:00,12.2,0,1.2,0.1
7/17/2014 4:00,12.1,0,1.1,0.2
7/17/2014 5:00,12.1,0,1.1,0.1
7/17/2014 6:00,12.2,0,1.3,9.3
7/17/2014 7:00,12.4,0.9,0.3,13
7/17/2014 8:00,12.8,4.1,0.2,13.6
7/17/2014 9:00,13.2,8.1,0.8,14.3
7/17/2014 10:00,12.6,0,0.8,19.9
7/17/2014 11:00,12.7,0,0.6,21
7/17/2014 12:00,13.7,5.7,0.4,14.6
7/17/2014 13:00,12.6,0,0.4,19.7
7/17/2014 14:00,13.6,5.2,0.5,14.4
7/17/2014 15:00,12.7,0,0.6,19.6
7/17/2014 16:00,13.5,6.5,0.3,14.5
7/17/2014 17:00,12.7,0.1,0.3,13.2
7/17/2014 18:00,12.3,0,3.2,0.1
7/17/2014 19:00,12.3,0,3,0.1
7/17/2014 20:00,12.2,0,3.1,0.1
7/17/2014 21:00,12.2,0,3.1,0.1
7/17/2014 22:00,12.1,0,3.1,0.1
7/17/2014 23:00,12.1,0,3.2,0.1
7/18/2014 0:00,12.1,0,3.1,0.1
7/18/2014 1:00,12.1,0,1.1,0.2
7/18/2014 2:00,12.1,0,2,0.1
7/18/2014 3:00,12.1,0,2,0.2
7/18/2014 4:00,12.1,0,1.2,0.1
7/18/2014 5:00,12,0,1.4,0.2
7/18/2014 6:00,12.1,0,1.2,8.8
7/18/2014 7:00,12.2,0.3,1,12.8
7/18/2014 8:00,12.8,4.3,0.3,13.6
7/18/2014 9:00,13.4,14.5,0.2,14.9
7/18/2014 10:00,12.7,0,0.5,19.7
7/18/2014 11:00,12.6,0,0.5,19.2
7/18/2014 12:00,12.6,0,0.4,19.4
7/18/2014 13:00,13.2,4.7,0.4,14.1
7/18/2014 14:00,13,2.7,0.3,13.7
7/18/2014 15:00,12.9,2,0.3,13.6
7/18/2014 16:00,13.5,0,0.3,19.3
7/18/2014 17:00,12.8,0.9,0.2,13.4
7/18/2014 18:00,12.5,0,1.2,0.2
7/18/2014 19:00,12.4,0,1.1,0
7/18/2014 20:00,12.4,0,1.2,0.1
7/18/2014 21:00,12.4,0,1.2,0.1
7/18/2014 22:00,12.3,0,1.2,0.1
7/18/2014 23:00,12.3,0,1.2,0.2
7/19/2014 0:00,12.2,0,1.3,0.1
7/19/2014 1:00,12.3,0,1.2,0.1
7/19/2014 2:00,12.3,0,1.2,0.1
7/19/2014 3:00,12.2,0,1.4,0.1
7/19/2014 4:00,12.2,0,1,0.2
7/19/2014 5:00,12.2,0,1.2,0.1
7/19/2014 6:00,12.1,0,3.2,9
7/19/2014 7:00,12.6,2.7,0.3,13.3
7/19/2014 8:00,13.5,8.3,0.3,14.5
7/19/2014 9:00,13.5,12.1,0.3,14.8
7/19/2014 10:00,12.7,0,0.2,19.3
7/19/2014 11:00,12.7,0,0.2,19.1
7/19/2014 12:00,12.6,0,0.5,19.3
7/19/2014 13:00,12.7,0,0.4,19.2
7/19/2014 14:00,12.7,0,0.4,19.2
7/19/2014 15:00,12.8,0,0.3,19.2
7/19/2014 16:00,13.2,0,0.3,18.9
7/19/2014 17:00,12.8,0.6,0.2,13.2
7/19/2014 18:00,12.4,0,1.1,0.1
7/19/2014 19:00,12.4,0,1.2,0.1
7/19/2014 20:00,12.4,0,1.1,0.1
7/19/2014 21:00,12.3,0,1.2,0.1
7/19/2014 22:00,12.3,0,1.2,0.1
7/19/2014 23:00,12.3,0,1.2,0.1
7/20/2014 0:00,12.3,0,1.2,0.1
7/20/2014 1:00,12.2,0,1.5,0.1
7/20/2014 2:00,12.3,0,1.2,0.1
7/20/2014 3:00,12.2,0,2.1,0.1
7/20/2014 4:00,12.1,0,2.2,0.1
7/20/2014 5:00,12.1,0,2.2,0.1
7/20/2014 6:00,12.1,0,2.2,9
7/20/2014 7:00,12.5,1.6,1.2,13.1
7/20/2014 8:00,13.2,7.7,0.3,14.2
7/20/2014 9:00,12.8,0,0.3,19.7
7/20/2014 10:00,12.8,0,0.4,19.4
7/20/2014 11:00,12.7,0,0.2,19.5
7/20/2014 12:00,12.6,0,0.2,19.3
7/20/2014 13:00,12.8,0,0.2,19.4
7/20/2014 14:00,12.6,0,0.4,19.5
7/20/2014 15:00,13.2,0,0.2,20
7/20/2014 16:00,12.9,0,0.2,19.2
7/20/2014 17:00,12.8,0.5,0.3,13.2
7/20/2014 18:00,12.6,0,0.3,0.1
7/20/2014 19:00,12.3,0,2.4,0.1
7/20/2014 20:00,12.2,0,3.5,0.1
7/20/2014 21:00,12.2,0,3.1,0.1
7/20/2014 22:00,12.1,0,3,0.2
7/20/2014 23:00,12.1,0,3,0.1
7/21/2014 0:00,12.1,0,2.9,0.1
7/21/2014 1:00,12.1,0,3.1,0.1
7/21/2014 2:00,12,0,3.1,0.1
7/21/2014 3:00,12,0,3.1,0.1
7/21/2014 4:00,12,0,3.1,0.1
7/21/2014 5:00,12,0,2.7,0.1
7/21/2014 6:00,11.9,0,3.1,7.6
7/21/2014 7:00,11.7,0,8.1,12
7/21/2014 8:00,11.9,0,5.1,12.3
7/21/2014 9:00,12.6,4.3,1.9,13.5
7/21/2014 10:00,13.3,16.4,2.3,15
7/21/2014 11:00,12.5,0,0.5,20.1
7/21/2014 12:00,12.5,0,0.4,20
7/21/2014 13:00,12.8,4.4,0.2,13.6
7/21/2014 14:00,13.2,9.3,0.2,14.3
7/21/2014 15:00,13,6.9,0.2,14
7/21/2014 16:00,12.9,2.7,0.5,13.6
7/21/2014 17:00,12.7,0.2,0.3,13.1
7/21/2014 18:00,12.3,0,3.2,0.1
7/21/2014 19:00,12.2,0,4.3,0
7/21/2014 20:00,12.1,0,3.7,0.1
7/21/2014 21:00,12.1,0,3.5,0.1
7/21/2014 22:00,12.1,0,4.1,0.1
7/21/2014 23:00,12,0,4.1,0.1
7/22/2014 0:00,12,0,2.4,0.1
7/22/2014 1:00,12,0,2.4,0.1
7/22/2014 2:00,12,0,2.2,0.1
7/22/2014 3:00,12,0,2.2,0.1
7/22/2014 4:00,12,0,2.1,0.1
7/22/2014 5:00,11.9,0,2.2,0.1
7/22/2014 6:00,11.9,0,2.2,7.2
7/22/2014 7:00,12.2,0.8,0,12.8
7/22/2014 8:00,12.4,0.8,0.2,12.9
7/22/2014 9:00,12.4,1.4,0.4,13
7/22/2014 10:00,12.3,0.2,0.5,12.8
7/22/2014 11:00,12.7,3.4,0.4,13.4
7/22/2014 12:00,13.5,13.6,0.5,14.9
7/22/2014 13:00,12.7,0,0.4,19.9
7/22/2014 14:00,13.3,7.5,0.3,14.3
7/22/2014 15:00,13,3.9,0.2,13.8
7/22/2014 16:00,12.8,1.2,0.2,13.3
7/22/2014 17:00,12.6,0,0.2,13
7/22/2014 18:00,12.4,0,1.2,0.1
7/22/2014 19:00,12.1,0,4.2,0.1
7/22/2014 20:00,12.1,0,3.3,0.1
7/22/2014 21:00,12,0,5.2,0.1
7/22/2014 22:00,12,0,4.7,0.1
7/22/2014 23:00,12,0,3.8,0.1
7/23/2014 0:00,11.9,0,3.4,0.1
7/23/2014 1:00,11.9,0,3.4,0.2
7/23/2014 2:00,11.9,0,3.4,0.1
7/23/2014 3:00,11.8,0,4.2,0.2
7/23/2014 4:00,11.8,0,3.7,0.2
7/23/2014 5:00,11.8,0,4.1,0.1
7/23/2014 6:00,11.8,0,4.1,10.2
7/23/2014 7:00,12.1,0.2,4.1,12.8
7/23/2014 8:00,13,9.1,1.2,14.1
7/23/2014 9:00,13.4,13.9,0.9,14.8
7/23/2014 10:00,12.7,0,1.2,20
7/23/2014 11:00,12.6,0,1.1,20.2
7/23/2014 12:00,12.6,0,1.1,20.1
7/23/2014 13:00,12.6,0,1.2,19.8
7/23/2014 14:00,12.7,0,1.1,19.6
7/23/2014 15:00,13.6,10.9,1.2,14.9
7/23/2014 16:00,13.6,5.8,1.2,14.5
7/23/2014 17:00,12.6,0,1.4,13.1
7/23/2014 18:00,12.2,0,4,0.3
7/23/2014 19:00,12.2,0,4.4,0
7/23/2014 20:00,12.1,0,4.2,0.1
7/23/2014 21:00,12.1,0,3.7,0.1
7/23/2014 22:00,12,0,4,0.1
7/23/2014 23:00,12,0,4.1,0.1
7/24/2014 0:00,11.9,0,4.1,0.1
7/24/2014 1:00,11.9,0,4.1,0.1
7/24/2014 2:00,12,0,2.2,0.1
7/24/2014 3:00,11.9,0,2.2,0.1
7/24/2014 4:00,11.9,0,2.2,0.2
7/24/2014 5:00,11.9,0,2.2,0.1
7/24/2014 6:00,11.9,0,1.8,10.1
7/24/2014 7:00,12.5,2.6,1.6,13.2
7/24/2014 8:00,12.9,9.3,0.4,14.2
7/24/2014 9:00,13.5,13.5,0.2,15
7/24/2014 10:00,12.7,0,0.3,19.8
7/24/2014 11:00,12.6,0,0.5,19.3
7/24/2014 12:00,12.7,0,0.3,19.3
7/24/2014 13:00,12.7,0,0.3,19.6
7/24/2014 14:00,12.6,0,0.2,19.9
7/24/2014 15:00,13.3,11.5,0.3,14.6
7/24/2014 16:00,13.4,6.4,0.5,14.3
7/24/2014 17:00,12.8,0.8,0.5,13.2
7/24/2014 18:00,12.4,0,0.2,0.2
7/24/2014 19:00,12.3,0,2.2,0
7/24/2014 20:00,12.3,0,2.1,0.1
7/24/2014 21:00,12.2,0,3,0.1
7/24/2014 22:00,12.1,0,3.1,0.1
7/24/2014 23:00,12.1,0,3,0.1
7/25/2014 0:00,12.1,0,2.6,0
7/25/2014 1:00,12.1,0,3.1,0.1
7/25/2014 2:00,12.1,0,3.1,0.1
7/25/2014 3:00,12.1,0,2.2,0.1
7/25/2014 4:00,12.1,0,2.1,0.1
7/25/2014 5:00,12.1,0,1.5,0.1
7/25/2014 6:00,12.1,0,1.3,10.1
7/25/2014 7:00,12.6,3.3,0.3,13.3
7/25/2014 8:00,13,8.9,0.3,14.2
7/25/2014 9:00,13.5,12.6,0.5,14.9
7/25/2014 10:00,12.7,0,0.3,19.5
7/25/2014 11:00,12.7,0,0.2,19.3
7/25/2014 12:00,12.6,0,0.4,18.8
7/25/2014 13:00,12.7,0,0.2,19
7/25/2014 14:00,12.7,0,0.2,19.2
7/25/2014 15:00,12.8,0,0.3,19.2
7/25/2014 16:00,12.8,0,0.4,19.2
7/25/2014 17:00,12.8,0.8,0.2,13.3
7/25/2014 18:00,12.4,0,1.2,0.2
7/25/2014 19:00,12.2,0,3,0.1
7/25/2014 20:00,12.2,0,3,0.1
7/25/2014 21:00,12.2,0,2.1,0.1
7/25/2014 22:00,12.2,0,2.2,0.1
7/25/2014 23:00,12.1,0,2.1,0.1
7/26/2014 0:00,12.1,0,1.9,0.1
7/26/2014 1:00,12.1,0,2.1,0.1
7/26/2014 2:00,12.1,0,2.2,0
7/26/2014 3:00,12.1,0,2,0.1
7/26/2014 4:00,12.1,0,1.9,0.1
7/26/2014 5:00,12,0,2.3,0.1
7/26/2014 6:00,12.1,0,0.4,10
7/26/2014 7:00,12.7,3.2,0.3,13.4
7/26/2014 8:00,13.2,8.7,0.3,14.3
7/26/2014 9:00,13.1,0,0.2,19.7
7/26/2014 10:00,12.7,0,0.5,19.7
7/26/2014 11:00,12.7,0,0.2,19.4
7/26/2014 12:00,12.6,0,0.7,19.1
7/26/2014 13:00,12.6,0,0.4,19.2
7/26/2014 14:00,12.7,0,0.3,19.3
7/26/2014 15:00,13.1,0,0.3,19.2
7/26/2014 16:00,13.3,0,0.2,19
7/26/2014 17:00,12.8,0.6,0.2,13.2
7/26/2014 18:00,12.4,0,1.2,0.2
7/26/2014 19:00,12.4,0,1.1,0.1
7/26/2014 20:00,12.3,0,1,0.1
7/26/2014 21:00,12.3,0,1.1,0.1
7/26/2014 22:00,12.3,0,1,0.1
7/26/2014 23:00,12.3,0,1.2,0.1
7/27/2014 0:00,12.1,0,4.9,0.1
7/27/2014 1:00,12,0,4.9,0.1
7/27/2014 2:00,12.1,0,2.1,0.1
7/27/2014 3:00,12.1,0,2.2,0.1
7/27/2014 4:00,12.1,0,2.1,0.1
7/27/2014 5:00,12,0,2.1,0.1
7/27/2014 6:00,12,0,2.2,10
7/27/2014 7:00,12.4,1.8,1.2,13.1
7/27/2014 8:00,13,8,0.7,14.1
7/27/2014 9:00,13.5,12.1,0.5,14.9
7/27/2014 10:00,12.7,0,0.4,19.2
7/27/2014 11:00,12.7,0,0.2,19
7/27/2014 12:00,12.8,0,0.2,18.7
7/27/2014 13:00,12.6,0,0.2,19.2
7/27/2014 14:00,12.7,0,0.2,18.9
7/27/2014 15:00,12.8,0,0.2,19.2
7/27/2014 16:00,12.9,0,0.2,19
7/27/2014 17:00,12.8,0.6,0.2,13.3
7/27/2014 18:00,12.5,0,0.3,0.2
7/27/2014 19:00,12.3,0,1.8,0
7/27/2014 20:00,12.4,0,1.7,0
7/27/2014 21:00,12.2,0,2.1,0.1
7/27/2014 22:00,12.2,0,2.1,0.1
7/27/2014 23:00,12.1,0,2.1,0.1
7/28/2014 0:00,12,0,2.2,0
7/28/2014 1:00,12.1,0,2.1,0.1
7/28/2014 2:00,12.1,0,2.2,0
7/28/2014 3:00,12.1,0,2.2,0.1
7/28/2014 4:00,12.1,0,2.2,0.1
7/28/2014 5:00,12,0,2.1,0.1
7/28/2014 6:00,12,0,2.3,8.9
7/28/2014 7:00,12,0,2.1,12.5
7/28/2014 8:00,12,0,5.5,12.5
7/28/2014 9:00,12.1,0,4.6,12.8
7/28/2014 10:00,12.9,6,1.9,13.8
7/28/2014 11:00,12.9,6.5,1.8,13.9
7/28/2014 12:00,12.7,2.9,1.3,13.4
7/28/2014 13:00,13.4,16,1.6,15
7/28/2014 14:00,12.7,1.6,1.7,13.4
7/28/2014 15:00,12.9,2.8,0.7,13.6
7/28/2014 16:00,12.8,1.2,0.6,13.4
7/28/2014 17:00,12.3,0,0.6,13
7/28/2014 18:00,12.3,0,2.7,0.2
7/28/2014 19:00,12.2,0,3.3,0
7/28/2014 20:00,12.1,0,3.4,0.1
7/28/2014 21:00,12.1,0,1.2,0.1
7/28/2014 22:00,12.1,0,1.6,0.1
7/28/2014 23:00,12.1,0,1.4,0.1
7/29/2014 0:00,11.9,0,4.7,0.1
7/29/2014 1:00,12,0,2.9,0.1
7/29/2014 2:00,12,0,2.4,0.2
7/29/2014 3:00,12,0,2.4,0.1
7/29/2014 4:00,11.9,0,2.4,0.1
7/29/2014 5:00,12,0,1.4,0.1
7/29/2014 6:00,11.9,0,3.3,4.7
7/29/2014 7:00,11.9,0,3.1,12.4
7/29/2014 8:00,12,0,3.1,12.5
7/29/2014 9:00,12.8,4.6,0.3,13.5
7/29/2014 10:00,12.3,0.6,0.2,12.8
7/29/2014 11:00,12.6,3,0.3,13.3
7/29/2014 12:00,12.7,4.1,0.6,13.5
7/29/2014 13:00,12.8,5.3,0.4,13.7
7/29/2014 14:00,13.1,7.3,0.5,14.1
7/29/2014 15:00,12.7,1.7,0.2,13.3
7/29/2014 16:00,12.5,0.1,0.2,13
7/29/2014 17:00,12.5,0,0.3,12.9
7/29/2014 18:00,12.3,0,2.2,0.2
7/29/2014 19:00,12.2,0,2.2,0.2
7/29/2014 20:00,12.2,0,2.2,0.3
7/29/2014 21:00,12.1,0,2.3,0.1
7/29/2014 22:00,12.1,0,2.2,0.1
7/29/2014 23:00,12.1,0,2.2,0.1
7/30/2014 0:00,12.1,0,2.2,0.1
7/30/2014 1:00,12.1,0,1.8,0.2
7/30/2014 2:00,12,0,2.2,0.1
7/30/2014 3:00,12,0,2.2,0.2
7/30/2014 4:00,11.9,0,2.2,0.1
7/30/2014 5:00,11.9,0,2.2,0.1
7/30/2014 6:00,12,0,1,10
7/30/2014 7:00,12.1,0,1.2,12.6
7/30/2014 8:00,12.8,5.3,0.3,13.6
7/30/2014 9:00,12.4,0.7,2.3,13
7/30/2014 10:00,13.2,9.1,1.9,14.3
7/30/2014 11:00,12.9,4.8,0.9,13.7
7/30/2014 12:00,13.2,6.8,0.8,14.3
7/30/2014 13:00,12.7,0,0.3,20
7/30/2014 14:00,13.3,5.7,0.3,14.1
7/30/2014 15:00,13.2,4,0.3,13.9
7/30/2014 16:00,13.2,3.5,0.3,13.9
7/30/2014 17:00,12.8,1.1,0.2,13.4
7/30/2014 18:00,12.5,0,0.2,0.4
7/30/2014 19:00,12.4,0,1,0.2
7/30/2014 20:00,12.4,0,1.1,0.1
7/30/2014 21:00,12.3,0,1.2,0.1
7/30/2014 22:00,12.2,0,1.3,0.1
7/30/2014 23:00,12.3,0,1.2,0.1
7/31/2014 0:00,12.3,0,1.2,0.1
7/31/2014 1:00,12.3,0,1.2,0.1
7/31/2014 2:00,12.2,0,1.2,0.2
7/31/2014 3:00,12.2,0,1.9,0.2
7/31/2014 4:00,12.1,0,2.3,0.1
7/31/2014 5:00,12.1,0,2.2,0.1
7/31/2014 6:00,12.2,0,0.3,11.2
7/31/2014 7:00,12.8,4,0.3,13.5
7/31/2014 8:00,13.6,10,0.3,14.8
7/31/2014 9:00,12.6,0,0.4,20.1
7/31/2014 10:00,13.1,3.9,0.3,13.9
7/31/2014 11:00,12.5,0,0.3,20.1
7/31/2014 12:00,13.2,19.3,0.8,15
7/31/2014 13:00,12.6,0,0.5,19.6
7/31/2014 14:00,12.4,0,4.4,19.6
7/31/2014 15:00,12.8,0,0.8,19.5
7/31/2014 16:00,13.3,0,1,19.3
7/31/2014 17:00,12.8,1.1,0.5,13.4
7/31/2014 18:00,12.5,0,0.7,0.4
7/31/2014 19:00,12.3,0,2.1,0.1
7/31/2014 20:00,12.2,0,2.1,0.1
7/31/2014 21:00,12.2,0,2.1,0.1
7/31/2014 22:00,12.2,0,2.1,0.1
7/31/2014 23:00,12.1,0,2.1,0.1
8/1/2014 0:00,12.1,0,2.1,0.1
8/1/2014 1:00,12.1,0,2.2,0.1
8/1/2014 2:00,12,0,2.2,0.1
8/1/2014 3:00,12.1,0,1.9,0.2
8/1/2014 4:00,12,0,2.1,0.1
8/1/2014 5:00,11.9,0,2.3,0.2
8/1/2014 6:00,12.1,0,0.2,11.4
8/1/2014 7:00,12.8,3.9,0.5,13.4
8/1/2014 8:00,13.3,10,0.3,14.5
8/1/2014 9:00,12.6,0,0.2,20.1
8/1/2014 10:00,12.7,0,0.5,19.5
8/1/2014 11:00,12.6,0,0.2,19.7
8/1/2014 12:00,12.6,0,0.3,19.7
8/1/2014 13:00,12.4,0,2.7,19.8
8/1/2014 14:00,12.6,0,0.2,19.8
8/1/2014 15:00,12.7,0,0.5,19.5
8/1/2014 16:00,13.1,0,0.3,19.4
8/1/2014 17:00,12.8,1.1,0.3,13.4
8/1/2014 18:00,12.5,0,0.3,0.3
8/1/2014 19:00,12.2,0,1.2,0.1
8/1/2014 20:00,12.3,0,1.2,0.1
8/1/2014 21:00,12.3,0,1.2,0.1
8/1/2014 22:00,12.2,0,1.1,0.1
8/1/2014 23:00,12.2,0,1.2,0.1
8/2/2014 0:00,12.2,0,1.2,0.1
8/2/2014 1:00,12.2,0,1.2,0.1
8/2/2014 2:00,12.2,0,1.2,0.1
8/2/2014 3:00,12.2,0,1.2,0.1
8/2/2014 4:00,12.1,0,1.3,0.1
8/2/2014 5:00,12.2,0,1.2,0
8/2/2014 6:00,12.2,0,0.2,11.4
8/2/2014 7:00,12.7,3.3,0.3,13.5
8/2/2014 8:00,13.7,9.1,0.3,14.8
8/2/2014 9:00,12.7,0,0.3,20
8/2/2014 10:00,12.6,0,0.3,19.6
8/2/2014 11:00,12.7,0,0.3,19.8
8/2/2014 12:00,12.5,0,0.1,19.9
8/2/2014 13:00,12.6,0,0.2,19.9
8/2/2014 14:00,12.6,0,0.2,19.9
8/2/2014 15:00,13.4,11.7,0.3,14.7
8/2/2014 16:00,12.8,0,0.2,19.6
8/2/2014 17:00,12.8,0.9,0.2,13.4
8/2/2014 18:00,12.4,0,1.2,0.3
8/2/2014 19:00,12.3,0,1.2,0.1
8/2/2014 20:00,12.3,0,1.2,0.1
8/2/2014 21:00,12.3,0,1.2,0.1
8/2/2014 22:00,12.2,0,1.4,0.1
8/2/2014 23:00,12.2,0,1.4,0.1
8/3/2014 0:00,12.2,0,1.2,0.1
8/3/2014 1:00,12.2,0,1.2,0.1
8/3/2014 2:00,12.2,0,1.2,0.1
8/3/2014 3:00,12.2,0,1.2,0.1
8/3/2014 4:00,12.2,0,1.2,0
8/3/2014 5:00,12.1,0,1.4,0.1
8/3/2014 6:00,12.2,0,0.3,11.5
8/3/2014 7:00,12.7,3.8,0.3,13.5
8/3/2014 8:00,12.8,0,0.2,20.5
8/3/2014 9:00,12.8,0,0.2,19.9
8/3/2014 10:00,12.7,0,0.3,20.9
8/3/2014 11:00,12.6,0,0.2,19.8
8/3/2014 12:00,12.6,0,0.2,20
8/3/2014 13:00,12.6,0,0.2,19.9
8/3/2014 14:00,12.7,0,0.2,20
8/3/2014 15:00,13.1,0,0.2,19.9
8/3/2014 16:00,13.1,0,0.4,19.7
8/3/2014 17:00,12.9,1.1,0.2,13.6
8/3/2014 18:00,12.4,0,1.5,0.4
8/3/2014 19:00,12.3,0,1.5,0.1
8/3/2014 20:00,12.3,0,1.1,0.1
8/3/2014 21:00,12.3,0,1.2,0.1
8/3/2014 22:00,12.3,0,1.2,0.1
8/3/2014 23:00,12.3,0,1,0.1
8/4/2014 0:00,12.1,0,1.3,0.1
8/4/2014 1:00,12.2,0,1.2,0.1
8/4/2014 2:00,12.2,0,1.2,0.1
8/4/2014 3:00,12.1,0,1.2,0.2
8/4/2014 4:00,12.2,0,1.2,0.1
8/4/2014 5:00,12.1,0,1.2,0.1
8/4/2014 6:00,12.3,0,0.3,11.8
8/4/2014 7:00,12.8,4.2,0.3,13.6
8/4/2014 8:00,13.1,5,0.3,13.8
8/4/2014 9:00,13.5,8.3,0.8,14.6
8/4/2014 10:00,12.6,0,0.7,19.8
8/4/2014 11:00,12.6,0,0.5,19.8
8/4/2014 12:00,12.6,0,0.2,19.6
8/4/2014 13:00,12.6,0,0.2,19.7
8/4/2014 14:00,13.5,3.1,0.3,14.2
8/4/2014 15:00,12.8,0,0.2,19.6
8/4/2014 16:00,12.7,0,2.1,19.6
8/4/2014 17:00,12.8,1.2,0.3,13.5
8/4/2014 18:00,12.5,0,0.2,0.5
8/4/2014 19:00,12.3,0,1.2,0.1
8/4/2014 20:00,12.3,0,1.2,0.1
8/4/2014 21:00,12.3,0,1.2,0
8/4/2014 22:00,12.3,0,1.2,0.1
8/4/2014 23:00,12.3,0,1.2,0.1
8/5/2014 0:00,12.1,0,3.1,0.1
8/5/2014 1:00,12.1,0,2.9,0.1
8/5/2014 2:00,12.1,0,2.7,0.2
8/5/2014 3:00,12,0,3.1,0.2
8/5/2014 4:00,12,0,3.1,0.1
8/5/2014 5:00,12,0,3.1,0.1
8/5/2014 6:00,12.1,0,0.3,11.7
8/5/2014 7:00,12.5,1.7,0.3,13.1
8/5/2014 8:00,12.8,4.3,0.2,13.6
8/5/2014 9:00,13.5,13.6,0.2,14.9
8/5/2014 10:00,12.6,0,0.4,19.5
8/5/2014 11:00,12.6,0,0.2,19.1
8/5/2014 12:00,12.7,0,0.5,19
8/5/2014 13:00,12.6,0,0.5,19
8/5/2014 14:00,12.7,0,0.3,19.3
8/5/2014 15:00,13.1,0,0.2,19.4
8/5/2014 16:00,13.1,0,0.3,19.2
8/5/2014 17:00,12.8,0.8,0.2,13.4
8/5/2014 18:00,12.3,0,2,0.4
8/5/2014 19:00,12.3,0,2,0.1
8/5/2014 20:00,12.2,0,1.9,0.1
8/5/2014 21:00,12.1,0,2.3,0.1
8/5/2014 22:00,12.2,0,2.1,0.1
8/5/2014 23:00,12.1,0,2.1,0.1
8/6/2014 0:00,12.1,0,2.1,0.1
8/6/2014 1:00,12.1,0,2,0.1
8/6/2014 2:00,12.1,0,2.2,0
8/6/2014 3:00,12.1,0,1.9,0.2
8/6/2014 4:00,12,0,1.9,0.2
8/6/2014 5:00,12,0,2.2,0.1
8/6/2014 6:00,12.1,0,0.3,11.4
8/6/2014 7:00,12.5,2.9,0.8,13.2
8/6/2014 8:00,13.1,8.8,0.5,14.3
8/6/2014 9:00,12.8,0,0.2,19.9
8/6/2014 10:00,12.8,0,0.2,19.4
8/6/2014 11:00,12.6,0,0.6,19.6
8/6/2014 12:00,12.6,0,0.4,19.5
8/6/2014 13:00,12.6,0,0.2,19.6
8/6/2014 14:00,12.7,0,0.2,20.1
8/6/2014 15:00,12.8,0,0.2,19.2
8/6/2014 16:00,12.5,0,3,13
8/6/2014 17:00,12.5,0,1.1,12.9
8/6/2014 18:00,12.4,0,0.4,0.3
8/6/2014 19:00,12.2,0,2.4,0.1
8/6/2014 20:00,12.1,0,2.3,0.1
8/6/2014 21:00,12.2,0,2.1,0.1
8/6/2014 22:00,12.2,0,2.1,0.1
8/6/2014 23:00,12.1,0,2.1,0.1
8/7/2014 0:00,12.1,0,1.2,0.1
8/7/2014 1:00,12.1,0,1.3,0.1
8/7/2014 2:00,12.1,0,1.2,0.1
8/7/2014 3:00,12.1,0,1.2,0.1
8/7/2014 4:00,12.1,0,2.1,0.1
8/7/2014 5:00,12.1,0,2.1,0.1
8/7/2014 6:00,12.2,0,0.2,11.7
8/7/2014 7:00,12.6,1.6,0.2,13.1
8/7/2014 8:00,13.4,11,0.2,14.6
8/7/2014 9:00,12.7,0,0.6,19.9
8/7/2014 10:00,12.6,0,0.6,19.6
8/7/2014 11:00,12.8,0,0.3,19.2
8/7/2014 12:00,12.6,0,0.5,19.2
8/7/2014 13:00,13.3,15.7,0.6,14.9
8/7/2014 14:00,12.9,0,0.3,19.5
8/7/2014 15:00,12.8,0,0.5,19.4
8/7/2014 16:00,12.8,0,0.5,19.1
8/7/2014 17:00,12.8,0.7,0.4,13.3
8/7/2014 18:00,12.5,0,0.3,0.3
8/7/2014 19:00,12.5,0,0.3,0.2
8/7/2014 20:00,12.4,0,1.2,0.1
8/7/2014 21:00,12.3,0,1.1,0.1
8/7/2014 22:00,12.3,0,1.2,0.1
8/7/2014 23:00,12.3,0,1.2,0.1
8/8/2014 0:00,12.3,0,1.2,0.1
8/8/2014 1:00,12.2,0,1.2,0.1
8/8/2014 2:00,12.2,0,1.2,0.1
8/8/2014 3:00,12.2,0,1.2,0.1
8/8/2014 4:00,12.1,0,1.3,0.1
8/8/2014 5:00,12.2,0,1.2,0.1
8/8/2014 6:00,12.3,0,0.3,12.1
8/8/2014 7:00,12.8,3.7,0.2,13.5
8/8/2014 8:00,13.6,9.5,0.3,14.7
8/8/2014 9:00,13,0,0.4,20
8/8/2014 10:00,12.6,0,0.6,20.1
8/8/2014 11:00,12.5,0,0.4,20.1
8/8/2014 12:00,12.6,0,0.3,19.8
8/8/2014 13:00,13.1,5,0.3,13.9
8/8/2014 14:00,13.6,3.5,0.2,14.3
8/8/2014 15:00,13.1,0,0.7,19.8
8/8/2014 16:00,12.8,0,0.4,19.6
8/8/2014 17:00,12.8,0.6,0.3,13.3
8/8/2014 18:00,12.5,0,0.3,0.4
8/8/2014 19:00,12.3,0,3.2,0.1
8/8/2014 20:00,12.2,0,2.7,0.1
8/8/2014 21:00,12.1,0,3.1,0.1
8/8/2014 22:00,12.2,0,1,0.1
8/8/2014 23:00,12.3,0,1.2,0.1
8/9/2014 0:00,12.2,0,1.2,0.2
8/9/2014 1:00,12.1,0,1.1,0.1
8/9/2014 2:00,12.2,0,1.2,0.1
8/9/2014 3:00,12.1,0,1.2,0.1
8/9/2014 4:00,12.1,0,1.2,0.1
8/9/2014 5:00,12.1,0,1.2,0.1
8/9/2014 6:00,12.2,0,0.2,12.5
8/9/2014 7:00,12.8,4,0.3,13.6
8/9/2014 8:00,13.5,9.8,0.2,14.6
8/9/2014 9:00,12.7,0,0.2,20
8/9/2014 10:00,12.6,0,0.3,20
8/9/2014 11:00,12.6,0,0.2,19.8
8/9/2014 12:00,12.5,0,0.4,19.7
8/9/2014 13:00,12.6,0,0.2,19.3
8/9/2014 14:00,12.7,0,0.3,19.1
8/9/2014 15:00,13.6,2.3,0.3,14.2
8/9/2014 16:00,12.9,0,0.2,19.6
8/9/2014 17:00,12.9,1.2,0.2,13.5
8/9/2014 18:00,12.4,0,1.2,0.5
8/9/2014 19:00,12.4,0,1.2,0.1
8/9/2014 20:00,12.3,0,1.1,0.2
8/9/2014 21:00,12.3,0,1.2,0.2
8/9/2014 22:00,12.3,0,1.2,0.2
8/9/2014 23:00,12.3,0,1.2,0.2
8/10/2014 0:00,12.3,0,1.2,0.2
8/10/2014 1:00,12.2,0,1.2,0.2
8/10/2014 2:00,12.2,0,1.2,0.1
8/10/2014 3:00,12.2,0,1,0.2
8/10/2014 4:00,12.2,0,1.2,0.1
8/10/2014 5:00,12.2,0,1.2,0.2
8/10/2014 6:00,12.2,0,0.3,12.5
8/10/2014 7:00,12.8,3.8,0.2,13.6
8/10/2014 8:00,13.6,9.1,0.3,14.7
8/10/2014 9:00,12.8,0,0.2,19.9
8/10/2014 10:00,12.7,0,0.3,19.8
8/10/2014 11:00,12.6,0,0.2,19.7
8/10/2014 12:00,12.6,0,0.2,19.7
8/10/2014 13:00,12.6,0,0.2,19.9
8/10/2014 14:00,13.2,0,0.2,19.2
8/10/2014 15:00,12.8,0,0.2,20.1
8/10/2014 16:00,13.5,0,0.2,19.4
8/10/2014 17:00,12.9,1,0.2,13.4
8/10/2014 18:00,12.5,0,0.3,0.3
8/10/2014 19:00,12.4,0,1.2,0.1
8/10/2014 20:00,12.4,0,1.1,0.1
8/10/2014 21:00,12.3,0,1.2,0.2
8/10/2014 22:00,12.3,0,1.4,0.2
8/10/2014 23:00,12.3,0,1.4,0.2
8/11/2014 0:00,12.2,0,1.4,0.2
8/11/2014 1:00,12.2,0,1.2,0.2
8/11/2014 2:00,12.3,0,1.3,0.2
8/11/2014 3:00,12.2,0,1.3,0.3
8/11/2014 4:00,12.2,0,1.2,0.2
8/11/2014 5:00,12.2,0,1.2,0.1
8/11/2014 6:00,12.2,0,0.2,12.6
8/11/2014 7:00,12.8,3.8,0.3,13.6
8/11/2014 8:00,13.6,9.6,0.3,14.7
8/11/2014 9:00,12.7,0,0.8,19.9
8/11/2014 10:00,12.6,0,0.6,19.7
8/11/2014 11:00,12.6,0,0.4,19.7
8/11/2014 12:00,12.5,0,2.2,19.7
8/11/2014 13:00,12.5,0,2.5,19.4
8/11/2014 14:00,12.5,0,1.7,19.7
8/11/2014 15:00,12.8,0,0.9,19.6
8/11/2014 16:00,12.9,0,0.5,19.5
8/11/2014 17:00,12.8,0.7,0.5,13.4
8/11/2014 18:00,12.3,0,2.3,0.5
8/11/2014 19:00,12.2,0,2.2,0.1
8/11/2014 20:00,12.2,0,2.2,0.1
8/11/2014 21:00,12.2,0,2.3,0.1
8/11/2014 22:00,12.1,0,2.4,0.1
8/11/2014 23:00,12.1,0,2.3,0.2
8/12/2014 0:00,12.1,0,2.3,0.1
8/12/2014 1:00,12.1,0,2.3,0.2
8/12/2014 2:00,12,0,2.4,0.1
8/12/2014 3:00,12,0,2.4,0.2
8/12/2014 4:00,12,0,2.5,0.1
8/12/2014 5:00,12,0,2.3,0.1
8/12/2014 6:00,12,0,2.1,10.5
8/12/2014 7:00,12.4,1.3,0.2,13
8/12/2014 8:00,12.8,5,0.3,13.7
8/12/2014 9:00,12.8,4.3,2.2,13.5
8/12/2014 10:00,13.6,11.5,2.1,14.9
8/12/2014 11:00,13.3,17.5,0.9,15
8/12/2014 12:00,12.6,0,0.4,19.7
8/12/2014 13:00,13.4,12.8,0.4,14.9
8/12/2014 14:00,12.6,0,0.2,19.9
8/12/2014 15:00,12.8,0,0.3,19.8
8/12/2014 16:00,13.2,0,0.3,19.4
8/12/2014 17:00,13,1.1,0.2,13.5
8/12/2014 18:00,12.5,0,0.2,0.3
8/12/2014 19:00,12.3,0,2.1,0.1
8/12/2014 20:00,12.3,0,1.9,0.1
8/12/2014 21:00,12.2,0,2.2,0.1
8/12/2014 22:00,12.2,0,2.2,0.1
8/12/2014 23:00,12.2,0,2.2,0.2
8/13/2014 0:00,12.2,0,2.2,0
8/13/2014 1:00,12.1,0,2.2,0.1
8/13/2014 2:00,12.1,0,2.2,0.1
8/13/2014 3:00,12,0,2.3,0.1
8/13/2014 4:00,12,0,2.3,0.1
8/13/2014 5:00,12,0,2.1,0.1
8/13/2014 6:00,12.1,0,1,10
8/13/2014 7:00,12.4,1,0.3,12.9
8/13/2014 8:00,12.8,4.8,0.3,13.6
8/13/2014 9:00,13.1,7.6,0.5,14.1
8/13/2014 10:00,13.6,8.7,0.5,14.6
8/13/2014 11:00,13.1,0,0.2,19.5
8/13/2014 12:00,12.8,0,0.2,19.6
8/13/2014 13:00,12.9,0,0.2,19.5
8/13/2014 14:00,12.9,0,0.4,19.5
8/13/2014 15:00,13.3,8.6,0.3,14.4
8/13/2014 16:00,13.2,0,0.2,19.2
8/13/2014 17:00,13.2,1.6,0.3,13.8
8/13/2014 18:00,12.5,0,1.2,0.4
8/13/2014 19:00,12.3,0,3,0.1
8/13/2014 20:00,12.3,0,2.1,0.1
8/13/2014 21:00,12.3,0,2.1,0.1
8/13/2014 22:00,12.2,0,2.1,0.1
8/13/2014 23:00,12.2,0,2.1,0.1
8/14/2014 0:00,12.2,0,2.1,0.1
8/14/2014 1:00,12.1,0,2.1,0.1
8/14/2014 2:00,12.1,0,2.1,0.1
8/14/2014 3:00,12.1,0,2.1,0.1
8/14/2014 4:00,12.1,0,2.1,0.1
8/14/2014 5:00,12.1,0,2.1,0.1
8/14/2014 6:00,12.2,0,0.3,11.5
8/14/2014 7:00,12.8,4.2,0.2,13.6
8/14/2014 8:00,12.8,3.3,0.2,13.5
8/14/2014 9:00,13.5,14.8,0.4,15
8/14/2014 10:00,13.3,6.1,0.4,14.2
8/14/2014 11:00,13.1,6.9,0.3,14.1
8/14/2014 12:00,12.7,0,0.2,19.3
8/14/2014 13:00,12.7,0,0.2,19.7
8/14/2014 17:00,12.7,0.1,0.2,13.2
8/14/2014 18:00,12.5,0,0.3,0.3
8/14/2014 19:00,12.3,0,1.3,0.1
8/14/2014 20:00,12.4,0,1.2,0.1
8/15/2014 13:00,13.3,0,0.2,19.4
8/15/2014 14:00,13.5,0,0.2,19.2
8/15/2014 15:00,13.8,4.2,0.5,14.6
8/15/2014 16:00,13.1,0,0.2,19.3
8/15/2014 17:00,12.8,0.3,0.3,13.2
8/15/2014 18:00,12.4,0,2,0.4
8/15/2014 19:00,12.3,0,2.2,0.1
8/15/2014 20:00,12.3,0,2.3,0.1
8/15/2014 21:00,12.1,0,2.4,0.1
8/15/2014 22:00,12.2,0,2.2,0.1
8/15/2014 23:00,12.2,0,1.9,0.1
8/16/2014 0:00,12.1,0,2.2,0.1
8/16/2014 1:00,12.1,0,2.2,0.1
8/16/2014 2:00,12.1,0,2.2,0.1
8/16/2014 3:00,12.1,0,2.2,0.1
8/16/2014 4:00,12.1,0,2.2,0.1
8/16/2014 5:00,12.1,0,2.3,0.1
8/16/2014 6:00,12.2,0,0.2,11.7
8/16/2014 7:00,12.7,3.4,0.5,13.4
8/16/2014 8:00,13.2,9.2,0.4,14.3
8/16/2014 9:00,12.7,0,0.4,20.4
8/16/2014 10:00,12.7,0,0.2,20.3
8/16/2014 11:00,12.7,0,0.4,19.8
8/16/2014 12:00,12.6,0,0.4,20
8/16/2014 13:00,12.6,0,0.3,20
8/16/2014 14:00,12.8,0,0.3,19.3
8/16/2014 15:00,13.2,0,0.3,19.3
8/16/2014 16:00,13.8,3.1,0.3,14.5
8/16/2014 17:00,12.8,0.3,0.3,13.4
8/16/2014 18:00,12.6,0,0.3,0.3
8/16/2014 19:00,12.4,0,1.2,0.1
8/16/2014 20:00,12.4,0,1.1,0
8/16/2014 21:00,12.4,0,1.2,0.1
8/16/2014 22:00,12.4,0,1,0.1
8/16/2014 23:00,12.3,0,1.2,0
8/17/2014 0:00,12.3,0,1.1,0.1
8/17/2014 1:00,12.3,0,1.2,0.1
8/17/2014 2:00,12.2,0,1.4,0.1
8/17/2014 3:00,12.4,0,1.2,0
8/17/2014 4:00,12.2,0,1.2,0.1
8/17/2014 5:00,12.2,0,1.2,0.1
8/17/2014 6:00,12.3,0,0.2,10.4
8/17/2014 7:00,12.8,3.8,0.2,13.6
8/17/2014 8:00,13.1,5.1,0.2,14
8/17/2014 9:00,13.8,6.2,0.3,14.6
8/17/2014 10:00,13.5,10.1,0.4,14.8
8/17/2014 11:00,13.1,0,0.3,19.7
8/17/2014 12:00,13.5,5.9,0.3,14.3
8/17/2014 13:00,12.7,0,0.3,20.2
8/17/2014 14:00,12.7,0,0.5,19.8
8/17/2014 15:00,12.8,0,0.4,20.1
8/17/2014 16:00,13.5,6.4,0.3,14.4
8/17/2014 17:00,12.9,0.7,0.3,13.5
8/17/2014 18:00,12.6,0,0.3,0.5
8/17/2014 19:00,12.3,0,2.3,0.1
8/17/2014 20:00,12.3,0,2.4,0.1
8/17/2014 21:00,12.3,0,2.3,0.1
8/17/2014 22:00,12.2,0,2.2,0.1
8/17/2014 23:00,12.2,0,2.2,0.1
8/18/2014 0:00,12.2,0,2.2,0.1
8/18/2014 1:00,12.1,0,2.2,0.1
8/18/2014 2:00,12.1,0,2.3,0
8/18/2014 3:00,12.1,0,2,0.2
8/18/2014 4:00,12.1,0,2.4,0.1
8/18/2014 7:00,12.9,5.2,0.2,13.8
8/18/2014 8:00,13.1,9.1,0.2,14.3
8/18/2014 9:00,12.7,0,0.2,20.2
8/18/2014 10:00,13.5,10.2,0.3,14.7
8/18/2014 11:00,13,0,0.6,19.5
8/18/2014 12:00,12.6,0,0.1,19.9
8/18/2014 13:00,12.6,0,0.5,20
8/18/2014 14:00,12.8,0,0.4,20.1
8/18/2014 15:00,12.7,0,0.6,19.9
8/18/2014 16:00,13.2,0,0.3,19.2
8/18/2014 17:00,12.7,0,0.2,13.1
8/18/2014 18:00,12.6,0,0.3,0.2
8/18/2014 19:00,12.3,0,2.2,0.1
8/18/2014 20:00,12.3,0,2.2,0.1
8/18/2014 21:00,12.3,0,1.8,0.1
8/18/2014 22:00,12.2,0,2.2,0.1
8/18/2014 23:00,12.1,0,3.3,0.1
8/19/2014 0:00,12.2,0,2.1,0.1
8/19/2014 1:00,12.1,0,2.1,0.1
8/19/2014 2:00,12.1,0,2.2,0.1
8/19/2014 3:00,12.1,0,2.1,0.1
8/19/2014 4:00,12.1,0,2.1,0
8/19/2014 5:00,12.1,0,2.2,0.1
8/19/2014 6:00,12.1,0,2.1,12.3
8/19/2014 7:00,12.3,0.4,1.1,12.8
8/19/2014 8:00,13.2,9,1.2,14.3
8/19/2014 9:00,12.9,4,1.1,13.7
8/19/2014 10:00,12.7,0,1.6,19.5
8/19/2014 11:00,12.6,0,1.4,19.1
8/19/2014 12:00,12.6,0,1.3,19.3
8/19/2014 13:00,12.7,0,1.2,19.2
8/19/2014 14:00,12.7,0,1.2,19.3
8/19/2014 15:00,13.2,9.5,1,14.1
8/19/2014 16:00,13.3,2.4,0.9,13.9
8/19/2014 17:00,12.6,0,1.2,13
8/19/2014 18:00,12.4,0,1.9,0.4
8/19/2014 19:00,12.2,0,2.7,0.1
8/19/2014 20:00,12.2,0,3.1,0.1
8/19/2014 21:00,12.3,0,1.1,0.1
8/19/2014 22:00,12.3,0,1,0.1
8/19/2014 23:00,12.2,0,1.2,0.1
8/20/2014 0:00,12.2,0,1.2,0.1
8/20/2014 1:00,12.2,0,1.1,0.1
8/20/2014 2:00,12.2,0,1.2,0.1
8/20/2014 3:00,12.1,0,1.2,0.1
8/20/2014 4:00,12.2,0,1,0.1
8/20/2014 5:00,12.1,0,1.2,0.1
8/20/2014 6:00,12.2,0,0.3,12.6
8/20/2014 7:00,12.8,3.4,0.3,13.5
8/20/2014 8:00,13.3,8.8,0.2,14.4
8/20/2014 9:00,12.8,0,0.3,19.7
8/20/2014 10:00,12.7,0,0.3,19.4
8/20/2014 11:00,12.7,0,0.2,19.3
8/20/2014 12:00,12.7,0,0.2,19.3
8/20/2014 13:00,12.7,0,0.5,19.2
8/20/2014 14:00,13.4,12.8,0.5,14.8
8/20/2014 15:00,12.8,0,0.4,19.2
8/20/2014 16:00,13.3,0,0.2,18.9
8/20/2014 17:00,12.8,0.5,0.2,13.3
8/20/2014 18:00,12.4,0,1,0.4
8/20/2014 19:00,12.3,0,1.3,0.1
8/20/2014 20:00,12.4,0,1,0.1
8/20/2014 21:00,12.4,0,1.1,0.1
8/20/2014 22:00,12.3,0,1,0
8/20/2014 23:00,12.2,0,1.3,0.1
8/21/2014 0:00,12.2,0,1.4,0.1
8/21/2014 1:00,12.3,0,1.2,0.1
8/21/2014 2:00,12.3,0,1.1,0.1
8/21/2014 3:00,12.2,0,1.3,0.1
8/21/2014 4:00,12.2,0,1.1,0.1
8/21/2014 5:00,12.1,0,3.3,0.1
8/21/2014 6:00,12.1,0,3.3,12.2
8/21/2014 7:00,12.4,1.1,2.4,13
8/21/2014 8:00,13,6.9,2.3,14.1
8/21/2014 9:00,13.3,12.4,0.2,14.7
8/21/2014 10:00,12.7,0,0.2,19.4
8/21/2014 11:00,12.7,0,0.2,19.1
8/21/2014 12:00,12.7,0,0.2,19
8/21/2014 13:00,12.7,0,0.2,18.8
8/21/2014 14:00,13.7,2.6,0.6,14.4
8/21/2014 15:00,12.8,0,0.4,19.2
8/21/2014 16:00,13.4,0,0.3,18.8
8/21/2014 17:00,12.8,0.5,0.3,13.2
8/21/2014 18:00,12.5,0,0.2,0.4
8/21/2014 19:00,12.3,0,3.1,0.1
8/21/2014 20:00,12.2,0,3,0.1
8/21/2014 21:00,12.2,0,3,0.1
8/21/2014 22:00,12.3,0,1.1,0.1
8/21/2014 23:00,12.2,0,1.3,0.1
8/22/2014 0:00,12.2,0,1.1,0.1
8/22/2014 1:00,12.2,0,1.2,0.1
8/22/2014 2:00,12.2,0,1.2,0.1
8/22/2014 3:00,12.2,0,1,0.1
8/22/2014 4:00,12.2,0,1.2,0.1
8/22/2014 5:00,12.1,0,1.2,0.1
8/22/2014 6:00,12.2,0,0.3,12.6
8/22/2014 7:00,12.8,3.1,0.2,13.5
8/22/2014 8:00,13.2,8.4,0.2,14.3
8/22/2014 9:00,13.1,0,0.2,19.6
8/22/2014 10:00,12.7,0,0.4,19.4
8/22/2014 13:00,12.7,0,0.2,18.8
8/22/2014 14:00,12.8,0,0.2,19.2
8/22/2014 15:00,12.8,0,0.2,18.9
8/22/2014 16:00,13.2,0,0.4,18.6
8/22/2014 17:00,12.7,0.4,0.4,13.2
8/22/2014 18:00,12.5,0,0.2,0.4
8/22/2014 19:00,12.4,0,1.1,0.1
8/22/2014 20:00,12.3,0,2.8,0
8/22/2014 21:00,12.2,0,2.4,0.1
8/22/2014 22:00,12.1,0,3.1,0.1
8/22/2014 23:00,12.1,0,3,0.1
8/23/2014 0:00,12.1,0,3.1,0.1
8/23/2014 1:00,12.1,0,3,0.1
8/23/2014 2:00,12,0,3.1,0.1
8/23/2014 5:00,12,0,2.8,0.1
8/23/2014 6:00,12,0,2.9,12.2
8/23/2014 7:00,12.6,2.5,0.2,13.3
8/23/2014 8:00,12.9,6.8,0.4,13.9
8/23/2014 9:00,13.3,9.8,0.4,14.4
8/23/2014 10:00,13.1,0,0.2,20
8/23/2014 11:00,12.8,0,0.4,20
8/23/2014 12:00,12.7,0,0.3,19.9
8/23/2014 13:00,13.2,13.6,1.1,14.7
8/23/2014 14:00,12.8,0,0.2,19.8
8/23/2014 15:00,13.4,0,0.2,19.3
8/23/2014 16:00,13.4,4.1,0.3,14
8/23/2014 23:00,12.3,0,1.7,0.1
8/24/2014 0:00,12.2,0,1.7,0.1
8/24/2014 1:00,12.2,0,1.9,0.1
8/24/2014 2:00,12.2,0,2.2,0.1
8/24/2014 3:00,12.1,0,1.7,0.1
8/24/2014 4:00,12.1,0,2.1,0.1
8/24/2014 5:00,12,0,2.2,0.1
8/24/2014 6:00,12.2,0,0.3,10.3
8/24/2014 7:00,12.4,0.5,0.2,12.8
8/24/2014 8:00,12.8,3.3,0.3,13.4
8/24/2014 11:00,13.7,5.4,0.3,14.5
8/24/2014 12:00,13.2,0,0.2,19.6
8/24/2014 13:00,12.8,0,0.2,19.6
8/24/2014 14:00,13.2,7.6,0.3,14.3
8/24/2014 15:00,13.4,0,0.2,19.3
8/24/2014 16:00,13.5,4,0.3,14.3
8/24/2014 17:00,12.5,0,2.1,12.9
8/24/2014 18:00,12.4,0,2.3,0.3
8/24/2014 19:00,12.2,0,3.9,0.1
8/24/2014 20:00,12.2,0,3.9,0.1
8/24/2014 21:00,12.3,0,2.1,0.1
8/24/2014 22:00,12.2,0,1.7,0.1
8/24/2014 23:00,12.2,0,2.2,0.1
8/25/2014 0:00,12.2,0,2.1,0.1
8/25/2014 3:00,12.1,0,2.1,0.1
8/25/2014 4:00,12.1,0,2.1,0.1
8/25/2014 5:00,12.1,0,1.9,0.1
8/25/2014 6:00,12.1,0,1.9,12.4
8/25/2014 7:00,12.6,2.2,2.1,13.3
8/25/2014 8:00,13.2,8.3,1.3,14.2
8/25/2014 9:00,12.8,0,1.1,20.2
8/25/2014 10:00,12.7,0,1.4,19.8
8/25/2014 11:00,12.6,0,1.5,19.5
8/25/2014 12:00,12.8,0,0.3,19.5
8/25/2014 13:00,13.4,14.4,1.3,15
8/25/2014 14:00,12.7,0,1.3,19.5
8/25/2014 17:00,12.7,0,1.1,13.2
8/25/2014 18:00,12.6,0,0.2,0.5
8/25/2014 19:00,12.4,0,1,0.1
8/25/2014 20:00,12.4,0,1,0.1
8/25/2014 21:00,12.4,0,1.1,0.1
8/25/2014 22:00,12.4,0,1.2,0.1
8/25/2014 23:00,12.4,0,1.2,0.1
8/26/2014 0:00,12.3,0,1.2,0.1
8/26/2014 1:00,12.3,0,1.2,0.1
8/26/2014 2:00,12.3,0,1.2,0.1
8/26/2014 3:00,12.3,0,1.2,0.1
8/26/2014 4:00,12.3,0,1,0.1
8/26/2014 5:00,12.3,0,1.2,0.1
8/26/2014 6:00,12.3,0,0.2,12.8
8/26/2014 7:00,12.9,4.3,0.2,13.8
8/26/2014 8:00,12.8,0,0.2,20
8/26/2014 9:00,12.8,0,0.2,20.1
8/26/2014 10:00,12.8,0,0.2,20
8/26/2014 11:00,12.6,0,0.4,19.9
8/26/2014 12:00,12.5,0,0.4,20
8/26/2014 13:00,13.4,16.9,0.4,15
8/26/2014 14:00,12.7,0,0.4,19.8
8/26/2014 15:00,13.4,10.6,0.4,14.7
8/26/2014 16:00,13.3,0,0.3,19.2
8/26/2014 19:00,12.2,0,3.9,0.1
8/26/2014 20:00,12.1,0,4,0.1
8/26/2014 21:00,12.2,0,3.5,0.1
8/26/2014 22:00,12.1,0,3.8,0.1
8/26/2014 23:00,12.1,0,3.1,0.1
8/27/2014 0:00,12,0,4,0.2
8/27/2014 1:00,12.1,0,1.2,0.1
8/27/2014 2:00,12.1,0,1.2,0.1
8/27/2014 3:00,12.1,0,1.2,0.1
8/27/2014 4:00,12.1,0,1.2,0.1
8/27/2014 5:00,12.1,0,1.2,0.1
8/27/2014 6:00,12.2,0,0.2,12.6
8/27/2014 7:00,12.8,4.2,0.2,13.6
8/27/2014 8:00,13.3,9.9,0.2,14.4
8/27/2014 9:00,12.8,0,0.3,20.1
8/27/2014 10:00,12.6,0,0.5,20
8/27/2014 11:00,12.6,0,0.4,19.7
8/27/2014 12:00,12.5,0,0.4,19.9
8/27/2014 13:00,12.6,0,0.4,19.5
8/27/2014 14:00,13.4,14.7,0.3,15
8/27/2014 15:00,12.8,0,0.2,19.5
8/27/2014 16:00,13.4,0,0.2,19.4
8/27/2014 17:00,13,1,0.2,13.5
8/27/2014 18:00,12.3,0,3.2,0.6
8/27/2014 21:00,12.2,0,3.2,0.1
8/27/2014 22:00,12.1,0,3.1,0.1
8/27/2014 23:00,12.1,0,3.1,0.1
8/28/2014 0:00,12.1,0,3.1,0.1
8/28/2014 1:00,12.1,0,3.2,0.1
8/28/2014 2:00,12,0,3.1,0.1
8/28/2014 3:00,12,0,3.2,0.1
8/28/2014 4:00,11.9,0,3.1,0.1
8/28/2014 5:00,12,0,3.2,0
8/28/2014 6:00,12,0,2.2,12.4
8/28/2014 7:00,12.7,3.8,0.1,13.5
8/28/2014 8:00,13.1,8.9,0.5,14.3
8/28/2014 9:00,13.5,13,0.4,14.9
8/28/2014 10:00,12.8,0,0.5,19.5
8/29/2014 11:00,12.7,0,0.3,19.2
8/29/2014 12:00,12.7,0,0.2,19.5
8/29/2014 13:00,12.8,0,0.3,18.9
8/29/2014 14:00,12.7,0,0.2,18.5
8/29/2014 15:00,12.8,0,0.2,18.7
8/29/2014 16:00,13.3,0,0.2,18.4
8/29/2014 17:00,12.8,0.2,0.3,13.2
8/29/2014 18:00,12.6,0,0.3,0.2
8/29/2014 21:00,12.3,0,1.8,0.1
8/29/2014 22:00,12.3,0,2.1,0.1
8/29/2014 23:00,12.2,0,2.1,0.1
8/30/2014 0:00,12.2,0,2,0.1
8/30/2014 1:00,12.2,0,2,0.1
8/30/2014 2:00,12.1,0,2.1,0
8/30/2014 3:00,12.1,0,2.1,0.1
8/30/2014 4:00,12.1,0,2.1,0.1
8/30/2014 5:00,12,0,3.9,0.1
8/30/2014 6:00,12.1,0,2.1,12.4
8/30/2014 7:00,12.2,0.4,1.9,12.8
8/30/2014 8:00,12.4,1.1,2.3,13
8/30/2014 9:00,12.5,0.9,2.2,13.1
8/30/2014 10:00,12.3,0,2.3,12.8
8/30/2014 11:00,12.6,2,0.2,13.3
8/30/2014 12:00,12.8,4.2,0.3,13.6
8/30/2014 13:00,12.6,2,0.4,13.3
8/30/2014 14:00,12.7,0.9,0.3,13.1
8/30/2014 15:00,12.6,0.9,0.2,13.2
8/30/2014 16:00,12.6,0.6,0.3,13.1
8/31/2014 13:00,12.7,0,0.2,19.9
8/31/2014 14:00,13.2,13.8,0.4,14.8
8/31/2014 15:00,12.9,0,0.2,19.8
8/31/2014 16:00,13.5,4.9,0.3,14.4
8/31/2014 17:00,12.8,0.6,0.2,13.3
8/31/2014 18:00,12.4,0,1.9,0.5
8/31/2014 21:00,12.1,0,3.3,0.1
8/31/2014 22:00,12.2,0,3.1,0.1
8/31/2014 23:00,12.1,0,3.2,0.2
9/1/2014 0:00,12.1,0,3.2,0.1
9/1/2014 1:00,12.1,0,3.2,0.1
9/1/2014 2:00,12.1,0,2.7,0.1
9/1/2014 3:00,12,0,3.2,0.1
9/1/2014 4:00,12,0,3.2,0
9/1/2014 7:00,12.8,4.1,0.3,13.6
9/1/2014 8:00,13.2,9.6,0.2,14.3
9/1/2014 9:00,12.9,0,0.2,20.6
9/1/2014 10:00,13,5,0.4,13.9
9/1/2014 11:00,13.2,5,0.4,14
9/1/2014 12:00,13.1,0,0.4,20
9/1/2014 13:00,12.7,0,0.4,20.5
9/1/2014 14:00,12.8,0,0.3,20.1
9/1/2014 15:00,13.8,3.1,0.3,14.5
9/1/2014 16:00,13.8,5.6,0.3,14.7
9/1/2014 17:00,12.9,1,0.2,13.5
9/1/2014 18:00,12.6,0,0.3,0.6
9/1/2014 19:00,12.5,0,1.2,0.1
9/1/2014 20:00,12.2,0,3.8,0.1
9/1/2014 23:00,12.1,0,4.1,0.1
9/2/2014 0:00,12.1,0,4.2,0.1
9/2/2014 1:00,12,0,4.1,0.1
9/2/2014 2:00,11.9,0,4.1,0.1
9/2/2014 3:00,11.9,0,4.2,0.1
9/2/2014 4:00,11.8,0,3.5,0.1
9/2/2014 5:00,11.9,0,4.2,0.1
9/2/2014 6:00,12,0,4.2,12.2
9/2/2014 7:00,12.2,1,4,12.9
9/2/2014 8:00,12.9,6.7,3.9,14
9/2/2014 9:00,12.2,0,4.8,12.7
9/2/2014 10:00,13,8.2,2.6,14.1
9/2/2014 11:00,12.9,5.4,2.5,13.8
9/2/2014 12:00,12.8,4.1,1.3,13.6
9/2/2014 13:00,13.1,7.1,1,14.1
9/2/2014 14:00,13.3,9.9,1.1,14.5
9/2/2014 15:00,13.8,6.8,0.3,14.7
9/2/2014 16:00,13.3,0,0.2,19.7
9/2/2014 17:00,12.9,0.9,0.2,13.5
9/2/2014 18:00,12.6,0,0.3,0.8
9/2/2014 19:00,12.6,0,0.2,0.1
9/2/2014 20:00,12.5,0,1.3,0
9/2/2014 21:00,12.5,0,1.2,0.1
9/2/2014 22:00,12.3,0,3.2,0.1
9/2/2014 23:00,12.2,0,2.7,0.1
9/3/2014 0:00,12.2,0,3.2,0.1
9/3/2014 1:00,12.2,0,3.1,0.1
9/3/2014 2:00,12.1,0,3.1,0.1
9/3/2014 3:00,12.1,0,3.1,0.1
9/3/2014 4:00,12.1,0,2.5,0.2
9/3/2014 5:00,12.1,0,2.6,0.1
9/3/2014 6:00,12,0,3.5,12.2
9/3/2014 7:00,12,0,3.4,12.6
9/3/2014 8:00,12.5,1.5,1.3,13.2
9/3/2014 9:00,12.7,3.5,1.5,13.6
9/3/2014 10:00,13.2,8.1,0.4,14.3
9/3/2014 11:00,12.8,0,0.4,20.3
9/3/2014 12:00,13.6,6.5,0.3,14.5
9/3/2014 15:00,13,0,0.8,19.7
9/3/2014 16:00,13.7,2.4,0.6,14.4
9/3/2014 17:00,12.8,0,0.6,13.3
9/3/2014 18:00,12.4,0,4.3,0.9
9/3/2014 19:00,12.6,0,0.3,0.1
9/3/2014 20:00,12.1,0,4.9,0.1
9/3/2014 21:00,12.1,0,5,0.1
9/3/2014 22:00,12.3,0,1.2,0.1
9/3/2014 23:00,12.3,0,1.2,0.2
9/4/2014 0:00,12.3,0,1.2,0.1
9/4/2014 1:00,12.2,0,1.2,0.1
9/4/2014 2:00,12.2,0,1.1,0.2
9/4/2014 3:00,12.2,0,1.2,0.1
9/4/2014 4:00,12.2,0,1.2,0.1
9/4/2014 5:00,12.1,0,1.2,0.2
9/4/2014 6:00,12.3,0,0.2,12.7
9/4/2014 7:00,12.6,2.2,0.2,13.3
9/4/2014 8:00,12.9,4,0.3,13.6
9/4/2014 9:00,13.1,5.9,0.3,14
9/4/2014 10:00,13.2,10,0.4,14.4
9/4/2014 11:00,13.3,7.7,3.1,14.3
9/4/2014 12:00,12.7,2.6,3.3,13.5
9/4/2014 13:00,12.8,0,3,20.2
9/4/2014 14:00,13.4,7.5,0.6,14.4
9/4/2014 15:00,13,0,0.5,20
9/4/2014 16:00,12.9,0,0.6,20.1
9/4/2014 17:00,12.9,0.5,0.4,13.4
9/4/2014 18:00,12.6,0,0.4,0.8
9/4/2014 21:00,12.4,0,1.2,0.1
9/4/2014 22:00,12.4,0,1.1,0.2
9/4/2014 23:00,12.4,0,1,0.1
9/5/2014 0:00,12.4,0,1.2,0.2
9/5/2014 1:00,12.4,0,1.2,0.1
9/5/2014 2:00,12.3,0,1.2,0.2
9/5/2014 3:00,12.3,0,1.3,0.2
9/5/2014 4:00,12.1,0,1.2,0.1
9/5/2014 5:00,12.3,0,1.2,0.2
9/5/2014 6:00,12.4,0,0.3,12.8
9/5/2014 7:00,12.9,3,0.3,13.5
9/5/2014 8:00,13,3.8,0.4,13.8
9/5/2014 9:00,13.6,8.1,0.2,14.7
9/5/2014 10:00,13.3,6.1,0.4,14.3
9/5/2014 11:00,13.4,8.1,0.5,14.4
9/5/2014 12:00,13.5,8.1,0.6,14.6
9/5/2014 15:00,13.4,0,0.4,18.6
9/5/2014 16:00,13.1,0,0.4,20
9/5/2014 17:00,13.8,1.9,0,14.3
9/5/2014 18:00,12.3,0,1.2,0.8
9/5/2014 19:00,12.1,0,3.1,0.1
9/5/2014 20:00,12.3,0,1.2,0.1
9/5/2014 21:00,12.3,0,1.2,0.1
9/5/2014 22:00,12.3,0,1.2,0.1
9/5/2014 23:00,12.3,0,1.2,0.1
9/6/2014 0:00,12.2,0,1.2,0.2
9/6/2014 1:00,12.2,0,1.9,0.2
9/6/2014 2:00,12,0,3,0.1
9/6/2014 3:00,12.1,0,1.1,0.1
9/6/2014 4:00,12.1,0,1.2,0.1
9/6/2014 5:00,12.1,0,1.2,0
9/6/2014 6:00,12.2,0,0.3,12.6
9/6/2014 7:00,12.5,1.6,0.2,13.1
9/6/2014 8:00,12.8,3.2,0.3,13.5
9/6/2014 9:00,13.1,6.9,0.2,14.1
9/6/2014 10:00,12.7,0,0.3,20.3
9/6/2014 11:00,13.7,8,0.3,14.7
9/6/2014 12:00,12.9,0,0.3,19.4
9/6/2014 13:00,12.8,0,0.2,18.7
9/6/2014 14:00,12.7,0,0.3,19.6
9/6/2014 15:00,12.8,0,0.3,19.6
9/6/2014 16:00,13.1,0,0.3,19.2
9/6/2014 17:00,13,0.8,0.4,13.6
9/6/2014 18:00,12.6,0,0.4,0.8
9/6/2014 19:00,12.4,0,1.4,0.1
9/6/2014 20:00,12.4,0,1.1,0.1
9/6/2014 21:00,12.4,0,1.1,0.1
9/6/2014 22:00,12.4,0,1,0.2
9/6/2014 23:00,12.3,0,1.3,0.1
9/7/2014 0:00,12.3,0,1.2,0.1
9/7/2014 1:00,12.3,0,1.2,0.1
9/7/2014 2:00,12.3,0,1.2,0.1
9/7/2014 3:00,12.3,0,1.2,0.1
9/7/2014 4:00,12.3,0,1.2,0.1
9/7/2014 5:00,12.3,0,1.2,0.1
9/7/2014 6:00,12.3,0.1,0.3,12.8
9/7/2014 7:00,12.6,2.1,0.4,13.3
9/7/2014 8:00,13.5,7.6,0.3,14.4
9/7/2014 9:00,12.8,0,0.2,19.9
9/7/2014 10:00,13.1,14.1,3,14.8
9/7/2014 11:00,12.7,0,0.2,19.2
9/7/2014 12:00,12.6,0,0.4,19.1
9/7/2014 13:00,12.7,0,0.2,19.3
9/7/2014 14:00,13.5,0,0.2,17.9
9/7/2014 15:00,13.5,0,0.3,18.9
9/7/2014 16:00,14,1.9,0.5,14.5
9/7/2014 17:00,12.9,0.9,0.3,13.5
9/7/2014 18:00,12.5,0,1.1,0.7
9/7/2014 21:00,12.4,0,1.1,0.1
9/7/2014 22:00,12.4,0,1,0.1
9/7/2014 23:00,12.3,0,1.2,0.1
9/8/2014 0:00,12.3,0,1.2,0.1
9/8/2014 1:00,12.3,0,1,0.1
9/8/2014 2:00,12.3,0,1,0.1
9/8/2014 3:00,12.3,0,1.2,0.1
9/8/2014 4:00,12.2,0,1,0.1
9/8/2014 7:00,12.6,2.8,0.4,13.5
9/8/2014 8:00,12.8,0,0.4,20
9/8/2014 9:00,12.7,0,0.4,19.6
9/8/2014 10:00,12.7,0,0.3,19.1
9/8/2014 11:00,12.7,0,0.4,19.3
9/8/2014 12:00,12.7,0,0.3,19.1
9/8/2014 13:00,12.7,0,0.2,19.2
9/8/2014 14:00,12.8,0,0.2,18.6
9/8/2014 15:00,13.1,0,0.2,19
9/8/2014 16:00,13.1,0,0.2,19.3
9/8/2014 17:00,12.8,0.5,0.3,13.3
9/8/2014 18:00,12.4,0,1.6,0.2
9/8/2014 21:00,12.4,0,1.1,0.1
9/8/2014 22:00,12.3,0,1.2,0.1
9/8/2014 23:00,12.3,0,1.2,0.1
9/9/2014 0:00,12.3,0,1.2,0.1
9/9/2014 1:00,12.3,0,1.2,0.1
9/9/2014 2:00,12.3,0,1.2,0.1
9/9/2014 5:00,12.1,0,1.1,0.1
9/9/2014 6:00,12.4,0.1,0.3,12.9
9/9/2014 7:00,12.8,2.9,0.2,13.6
9/9/2014 8:00,13.1,4.8,0.3,13.9
9/9/2014 9:00,12.7,0,0.2,20.3
9/9/2014 10:00,12.7,0,0.2,19.6
9/9/2014 11:00,12.7,0,0.3,19.5
9/9/2014 12:00,12.7,0,0.2,19.5
9/9/2014 13:00,12.6,0,0.2,19.5
9/9/2014 14:00,12.9,0,0.2,19.2
9/9/2014 15:00,13.1,0,0.2,19.4
9/9/2014 16:00,13.3,5.3,0.3,14.2
9/9/2014 17:00,13,0.9,0.2,13.5
9/9/2014 18:00,12.3,0,2.3,0.5
9/9/2014 19:00,12.2,0,2.2,0.1
9/9/2014 20:00,12.4,0,1.1,0.1
9/9/2014 23:00,12.3,0,1.2,0.1
9/10/2014 0:00,12.3,0,1.2,0.1
9/10/2014 1:00,12.3,0,1.2,0.2
9/10/2014 2:00,12.2,0,1.2,0.1
9/10/2014 3:00,12.2,0,1.2,0.2
9/10/2014 4:00,12.2,0,1.2,0.1
9/10/2014 7:00,13,4.8,0.3,13.8
9/10/2014 8:00,13.5,10,0.3,14.7
9/10/2014 9:00,12.8,0,0.2,19.8
9/10/2014 10:00,12.7,0,0.6,19.5
9/10/2014 11:00,12.7,0,0.6,19.1
9/10/2014 12:00,12.7,0,0.3,18.9
9/10/2014 13:00,12.7,0,0.2,19
9/10/2014 14:00,12.9,0,0.3,19.1
9/10/2014 15:00,13.1,0,0.2,19.2
9/10/2014 16:00,13.6,0,0.2,18.9
9/11/2014 19:00,12.4,0,1.1,0
9/11/2014 20:00,12.3,0,1.1,0.1
9/11/2014 21:00,12.3,0,1.1,0.1
9/11/2014 22:00,12.3,0,1.1,0.1
9/11/2014 23:00,12.3,0,1.2,0
9/12/2014 0:00,12.3,0,1.1,0.1
9/12/2014 1:00,12.3,0,1.1,0.1
9/12/2014 2:00,12.2,0,1.3,0.1
9/12/2014 3:00,12.2,0,1.1,0.1
9/12/2014 4:00,12.2,0,1.1,0.1
9/12/2014 5:00,12.2,0,1.1,0.1
9/12/2014 6:00,12.4,0,0.3,12.8
9/12/2014 7:00,12.8,3.5,0.2,13.6
9/12/2014 8:00,12.9,0,0.3,19.9
9/12/2014 9:00,13.3,12.3,0.3,14.8
9/12/2014 10:00,12.8,0,0.3,18.9
9/12/2014 11:00,12.8,0,0.2,18.8
9/12/2014 12:00,12.7,0,0.2,18.8
9/12/2014 13:00,12.8,0,0.2,18.7
9/12/2014 14:00,12.8,0,0.2,19
9/12/2014 15:00,13.2,0,0.7,19.1
9/12/2014 16:00,13.3,0,0.5,18.7
9/12/2014 17:00,12.8,0.5,0.2,13.4
9/12/2014 18:00,12.5,0,1.2,0.6
9/12/2014 19:00,12.4,0,1.9,0
9/12/2014 20:00,12.3,0,2,0.1
9/12/2014 21:00,12.3,0,2,0.1
9/12/2014 22:00,12.3,0,1.8,0.1
9/12/2014 23:00,12.2,0,2,0.1
9/13/2014 0:00,12.1,0,1.8,0
9/13/2014 1:00,12.1,0,2.1,0.1
9/13/2014 2:00,12.1,0,2.1,0.1
9/13/2014 3:00,12.1,0,2.1,0.1
9/13/2014 4:00,12.1,0,2.1,0
9/13/2014 5:00,12.1,0,1.7,0.2
9/13/2014 6:00,12.2,0,1.1,12.6
9/13/2014 7:00,12.7,2.8,1.3,13.4
9/13/2014 8:00,13.1,7.7,1.2,14.2
9/13/2014 9:00,13.4,12.1,0.2,14.8
9/13/2014 10:00,12.8,0,0.3,19.2
9/13/2014 11:00,12.7,0,0.2,19.2
9/13/2014 12:00,12.7,0,0.2,19.2
9/13/2014 13:00,13.4,14.3,0.3,15
9/13/2014 14:00,13.5,12.8,0.4,14.9
9/13/2014 15:00,13.2,0,0.3,19.3
9/13/2014 16:00,13.2,0,0.2,18.9
9/13/2014 17:00,12.9,0.5,0.2,13.4
9/13/2014 18:00,12.4,0,2,0.5
9/13/2014 21:00,12.5,0,0.2,0.1
9/13/2014 22:00,12.3,0,2.1,0.1
9/13/2014 23:00,12.3,0,2.2,0.2
9/14/2014 0:00,12.3,0,1.1,0.1
9/14/2014 1:00,12.3,0,1.2,0.1
9/14/2014 2:00,12.2,0,1,0.1
9/14/2014 3:00,12.3,0,1.2,0.1
9/14/2014 4:00,12.2,0,1.2,0.1
9/14/2014 5:00,12.2,0,1.1,0.1
9/14/2014 6:00,12.4,0,0.3,12.8
9/14/2014 7:00,12.8,3.4,0.2,13.6
9/14/2014 8:00,13.5,8.2,0.3,14.5
9/14/2014 9:00,12.8,0,0.3,19.8
9/14/2014 10:00,12.8,0,0.2,19.4
9/14/2014 11:00,12.7,0,0.2,19.3
9/14/2014 12:00,12.8,0,0.2,19
9/14/2014 13:00,12.7,0,0.2,19.2
9/14/2014 14:00,12.8,0,0.2,19.2
9/14/2014 15:00,12.9,0,0.2,19.2
9/14/2014 16:00,13.2,0,0.2,18.8
9/14/2014 17:00,12.8,0.1,0.2,13.3
9/14/2014 18:00,12.4,0,1.1,0.5
9/14/2014 19:00,12.2,0,2.8,0.1
9/14/2014 20:00,12.4,0,1,0.1
9/14/2014 21:00,12.3,0,0.8,0.1
9/14/2014 22:00,12.3,0,2.1,0.1
9/14/2014 23:00,12.2,0,2.2,0.1
9/15/2014 0:00,12.1,0,2.2,0.1
9/15/2014 1:00,12.2,0,2.1,0.1
9/15/2014 2:00,12.1,0,2.1,0.1
9/15/2014 3:00,12.1,0,2.1,0.1
9/15/2014 4:00,12.1,0,2.1,0.1
9/15/2014 5:00,12.2,0,1,0.2
9/15/2014 6:00,12.3,0.1,0.2,12.8
9/15/2014 7:00,12.8,4.1,0.3,13.7
9/15/2014 8:00,13.4,9.1,0.3,14.4
9/15/2014 9:00,12.8,0,0.2,19.9
9/15/2014 10:00,12.7,0,0.2,19.4
9/15/2014 11:00,12.7,0,0.2,19.4
9/15/2014 12:00,12.7,0,0.2,19.1
9/15/2014 13:00,12.8,0,0.2,19.3
9/15/2014 14:00,12.8,0,0.2,19.3
9/15/2014 15:00,12.9,0,0.4,19.2
9/15/2014 16:00,13.3,0,0.2,18.8
9/15/2014 17:00,12.8,0.5,0.2,13.4
9/15/2014 18:00,12.4,0,2,0.6
9/15/2014 19:00,12.3,0,2.9,0.1
9/15/2014 20:00,12.2,0,3,0.1
9/15/2014 21:00,12.1,0,2.8,0.1
9/15/2014 22:00,12.1,0,3.1,0
9/15/2014 23:00,12.1,0,3.1,0
9/16/2014 0:00,12.1,0,2.9,0
9/16/2014 1:00,12.1,0,2.7,0.1
9/16/2014 2:00,12,0,3,0.1
9/16/2014 3:00,12,0,3,0.1
9/16/2014 4:00,12,0,2.7,0
9/16/2014 5:00,12,0,3,0.1
9/16/2014 6:00,12,0,1.9,17.5
9/16/2014 9:00,12,0,2.1,19.8
9/16/2014 10:00,12,0,2,19.3
9/16/2014 11:00,12.1,0,0.2,19.4
9/16/2014 12:00,12.1,0,0.2,19.2
9/16/2014 13:00,12.1,0,0.2,18.9
9/16/2014 14:00,12.1,0,0.3,19.1
9/16/2014 15:00,12,0,0.3,19.2
9/16/2014 16:00,12.2,0,0.2,18.7
9/16/2014 17:00,12.1,0,0.2,17.2
9/16/2014 18:00,12.1,0,0.2,0.6
9/16/2014 19:00,12,0,1.1,0
9/16/2014 20:00,12,0,1.1,0.1
9/16/2014 21:00,12,0,1.1,0.1
9/16/2014 22:00,12,0,0.9,0
9/16/2014 23:00,11.8,0,4,0
9/17/2014 0:00,12,0,1.1,0
9/17/2014 1:00,12,0,1.1,0.1
9/17/2014 2:00,12,0,1.1,0.1
9/17/2014 3:00,12,0,1,0
9/17/2014 4:00,12,0,1.2,0.1
9/17/2014 5:00,12,0,1,0.1
9/17/2014 6:00,12.1,0,0.2,17.4
9/17/2014 7:00,12.1,0,0.3,19.4
9/17/2014 8:00,12.1,0,0.2,19.9
9/17/2014 9:00,12.1,0,0.2,19.5
9/17/2014 10:00,12.1,0,0.5,19.2
9/17/2014 11:00,12,0,0.9,18.8
9/17/2014 12:00,12,0,0.6,18.7
9/17/2014 13:00,12.1,0,0.3,18.8
9/17/2014 14:00,12.1,0,0.3,18.8
9/17/2014 17:00,12.1,0,0.3,17
9/17/2014 18:00,11.5,0,7,0.5
9/17/2014 19:00,12,0,1,0
9/17/2014 20:00,12,0,1,0
9/17/2014 21:00,12,0,1.1,0.1
9/17/2014 22:00,12,0,1.1,0
9/17/2014 23:00,12,0,1.2,0
9/18/2014 0:00,12,0,1.1,0.1
9/18/2014 1:00,12,0,1.1,0.1
9/18/2014 2:00,12,0,1.1,0.1
9/18/2014 3:00,12,0,1.2,0.1
9/18/2014 4:00,12,0,1.1,0.1
9/18/2014 5:00,12,0,1.2,0.1
9/18/2014 6:00,12.1,0,0.2,17.4
9/18/2014 7:00,12,0,0.2,19.4
9/18/2014 8:00,12,0,0.2,19.6
9/18/2014 9:00,12,0,0.2,19.4
9/18/2014 10:00,12,0,0.2,19.7
9/18/2014 11:00,11.9,0,0.2,19.6
9/18/2014 12:00,12,0,0.2,19.5
9/18/2014 13:00,11.9,0,0.3,19.2
9/18/2014 14:00,12,0,0.2,19.1
9/18/2014 15:00,12,0,0.2,18.9
9/18/2014 16:00,12,0,0.2,18.5
9/18/2014 17:00,12,0,0.2,17.1
9/18/2014 18:00,12,0,0.2,0.5
9/18/2014 19:00,11.9,0,1.1,0
9/18/2014 20:00,11.9,0,1.1,0.1
9/18/2014 21:00,11.9,0,1.1,0.1
9/18/2014 22:00,11.9,0,1.1,0.1
9/18/2014 23:00,11.9,0,1.1,0.1
9/19/2014 0:00,11.9,0,1.1,0.1
9/19/2014 1:00,11.8,0,0.9,0
9/19/2014 2:00,11.9,0,0.7,0
9/19/2014 3:00,11.9,0,1.1,0.1
9/19/2014 4:00,11.9,0,1.2,0.1
9/19/2014 5:00,11.9,0,1.1,0.1
9/19/2014 6:00,12,0,0.2,17.3
9/19/2014 7:00,12,0,0.2,19.3
9/19/2014 8:00,12,0,0.2,19.4
9/19/2014 9:00,12,0,0.2,19.6
9/19/2014 10:00,11.8,0,0.6,19.8
9/19/2014 11:00,11.9,0,0.4,19.6
9/19/2014 12:00,11.9,0,0.3,19.5
9/19/2014 13:00,12,0,0.2,19.2
9/19/2014 14:00,11.9,0,0.4,18.9
9/19/2014 15:00,11.9,0,0.2,18.6
9/19/2014 16:00,11.9,0,0.2,18.3
9/21/2014 15:00,11.7,0,0.2,19.4
9/21/2014 16:00,11.7,0,0.6,18.5
9/21/2014 17:00,11.7,0,0.4,17.2
9/21/2014 18:00,11.7,0,0.3,0.6
9/21/2014 19:00,11.8,0,0.3,0
9/21/2014 20:00,11.4,0,7.9,0.1
9/21/2014 21:00,11.6,0,3.1,0
9/21/2014 22:00,11.5,0,3.1,0.1
9/21/2014 23:00,11.5,0,3.1,0
9/22/2014 0:00,11.4,0,3.2,0.1
9/22/2014 1:00,11.5,0,3.1,0.1
9/22/2014 2:00,11.5,0,3.1,0.1
9/22/2014 3:00,11.5,0,3.1,0.1
9/22/2014 4:00,11.5,0,3,0.1
9/22/2014 5:00,11.6,0,1.4,0.1
9/22/2014 6:00,11.6,0,1.1,16.1
9/22/2014 7:00,11.7,0,0.2,18.5
9/22/2014 8:00,11.6,0,0.2,19.4
9/22/2014 9:00,11.6,0,0.5,18.8
9/22/2014 10:00,11.6,0,0.6,19.9
9/22/2014 11:00,11.6,0,0.7,20
9/22/2014 12:00,11.6,0,0.6,20.5
9/22/2014 13:00,11.3,0,5.9,19.2
9/22/2014 14:00,11.6,0,0.2,19.7
9/22/2014 15:00,11.6,0,0.2,19.8
9/22/2014 16:00,11.6,0,0.1,19.1
9/22/2014 17:00,11.6,0,0.6,17.5
9/22/2014 18:00,11.5,0,1.7,0.5
9/22/2014 19:00,11.5,0,1.6,0.1
9/22/2014 20:00,11.5,0,1.5,0
9/22/2014 21:00,11.5,0,1.2,0.1
9/22/2014 22:00,11.5,0,1.2,0.1
9/22/2014 23:00,11.5,0,1.2,0.1
9/23/2014 0:00,11.5,0,1.2,0.1
9/23/2014 1:00,11.5,0,1.2,0.2
9/23/2014 2:00,11.5,0,1.2,0.1
9/23/2014 3:00,11.5,0,1,0.1
9/23/2014 4:00,11.5,0,1.3,0.2
9/23/2014 5:00,11.5,0,1.2,0.2
9/23/2014 6:00,11.6,0,0.2,18.2
9/23/2014 7:00,11.6,0,0.2,20
9/23/2014 8:00,11.6,0,0.2,20.3
9/23/2014 9:00,11.6,0,0.2,19.5
9/23/2014 10:00,11.6,0,0.2,20.6
9/23/2014 11:00,11.6,0,0.2,20.2
9/23/2014 12:00,11.6,0,0.2,20.1
9/23/2014 13:00,11.6,0,0.2,19.5
9/23/2014 14:00,11.5,0,0.2,19.4
9/23/2014 15:00,11.5,0,0.2,19.5
9/23/2014 16:00,11.5,0,0.2,19.3
9/23/2014 17:00,11.5,0,0.2,17.8
9/23/2014 18:00,11.5,0,0.2,1
9/23/2014 19:00,11.4,0,2,0.1
9/23/2014 20:00,11.5,0,1.1,0.1
9/23/2014 21:00,11.5,0,1.1,0.1
9/23/2014 22:00,11.5,0,1.2,0.1
9/23/2014 23:00,11.4,0,1.1,0
9/24/2014 0:00,11.4,0,1,0.1
9/24/2014 1:00,11.5,0,1.2,0.1
9/24/2014 2:00,11.4,0,1.2,0.1
9/24/2014 3:00,11.4,0,1,0
9/24/2014 4:00,11.4,0,1.2,0.1
9/24/2014 5:00,11.4,0,3.2,0.2
9/24/2014 6:00,11.5,0,0.3,18
9/24/2014 7:00,11.5,0,0.3,20.1
9/24/2014 8:00,11.5,0,0.2,20.3
9/24/2014 9:00,11.5,0,0.5,20.1
9/24/2014 10:00,11.4,0,0.6,19.8
9/24/2014 11:00,11.5,0,0.3,19.7
9/24/2014 12:00,11.5,0,0.2,19.7
9/24/2014 13:00,11.4,0,0.4,19.3
9/24/2014 14:00,11.4,0,0.4,19.6
9/24/2014 15:00,11.4,0,0.3,19.3
9/24/2014 16:00,11.4,0,0.2,19.2
9/24/2014 17:00,11.5,0,0.2,17.9
9/24/2014 18:00,11.4,0,1.1,1.1
9/24/2014 19:00,11.4,0,1.1,0.1
9/24/2014 20:00,11.4,0,1.1,0.1
9/24/2014 21:00,11.4,0,1.2,0.1
9/24/2014 22:00,11.3,0,1.2,0.1
9/24/2014 23:00,11.3,0,2.1,0.1
9/25/2014 0:00,11.3,0,2.3,0.1
9/25/2014 1:00,11.3,0,2.1,0.1
9/25/2014 2:00,11.3,0,2.2,0.1
9/25/2014 3:00,11.3,0,2.1,0.1
9/25/2014 4:00,11.3,0,2.2,0.1
9/25/2014 5:00,11.4,0,0.2,0.3
9/25/2014 6:00,11.4,0,0.2,18
9/25/2014 7:00,11.4,0,0.2,19.9
9/25/2014 8:00,11.4,0,0.2,20.1
9/25/2014 9:00,11.4,0,0.3,19.7
9/25/2014 10:00,11.4,0,0.3,19.7
9/25/2014 11:00,11.4,0,0.2,19.6
9/25/2014 12:00,11.3,0,0.4,19.5
9/25/2014 13:00,11.4,0,0.4,19.5
9/25/2014 14:00,11.3,0,0.5,19.4
9/25/2014 15:00,11.4,0,0.2,19.2
9/25/2014 16:00,11.4,0,0.2,18.9
9/25/2014 17:00,11.4,0,0.2,17.7
9/25/2014 18:00,11.4,0,0.2,0.9
9/25/2014 19:00,11.4,0,1.2,0
9/25/2014 20:00,11.3,0,1.1,0.1
9/25/2014 21:00,11.3,0,1.1,0.1
9/25/2014 22:00,11.3,0,1,0
9/25/2014 23:00,11.3,0,1.1,0.1
9/26/2014 0:00,11.3,0,1.1,0.1
9/26/2014 1:00,11.2,0,2.1,0.1
9/26/2014 2:00,11.2,0,2.1,0.1
9/26/2014 3:00,11.2,0,2.1,0.1
9/26/2014 4:00,11.2,0,2.1,0.1
9/26/2014 5:00,11.1,0,2.2,0.3
9/26/2014 6:00,11.3,0,0.2,18
9/26/2014 7:00,11.3,0,0.2,19.7
9/26/2014 8:00,11.3,0,0.2,19.9
9/26/2014 9:00,11.3,0,0.2,19.9
9/26/2014 10:00,11.3,0,0.4,19.5
9/26/2014 11:00,11.3,0,0.2,19.2
9/26/2014 12:00,11.3,0,0.2,19
9/26/2014 13:00,11.3,0,0.2,19
9/26/2014 14:00,11.3,0,0.2,18.7
9/26/2014 15:00,11.3,0,0.2,19
9/26/2014 16:00,11.2,0,0.2,18.7
9/26/2014 17:00,11.3,0,0.2,17.3
9/26/2014 18:00,11.3,0,0.2,0.8
9/26/2014 19:00,11.2,0,1.1,0
9/26/2014 20:00,11.2,0,1.1,0.1
9/26/2014 21:00,11.2,0,1.1,0.1
9/26/2014 22:00,11.1,0,1.3,0
9/26/2014 23:00,11.1,0,1.3,0.1
9/27/2014 0:00,11.1,0,1.2,0.1
9/27/2014 1:00,11.1,0,1.2,0.1
9/27/2014 2:00,11.1,0,1.2,0.1
9/27/2014 3:00,11.1,0,1,0.1
9/27/2014 4:00,11.1,0,1.2,0.1
9/27/2014 5:00,11.1,0,1.1,0.3
9/27/2014 6:00,11.2,0,0.2,17.8
9/27/2014 7:00,11.2,0,0.2,19.4
9/27/2014 8:00,11.3,0,0.3,19.6
9/27/2014 9:00,11.2,0,0.2,19.4
9/27/2014 10:00,11.1,0,0.2,19.2
9/27/2014 11:00,11.1,0,0.1,19
9/27/2014 12:00,12.6,17.2,0,14.3
9/27/2014 13:00,12.6,15.6,0,14.1
9/27/2014 14:00,12.6,13.6,0,13.9
9/27/2014 15:00,12.4,9.5,0,13.5
9/27/2014 16:00,12.1,4.6,0,12.9
9/27/2014 17:00,11.9,0.8,0,12.4
9/27/2014 18:00,11.8,0,0,0.7
9/27/2014 19:00,11.7,0,1,0
9/27/2014 20:00,11.8,0,1,0.1
9/27/2014 21:00,11.7,0,1.1,0.1
9/27/2014 22:00,11.7,0,1.1,0.1
9/27/2014 23:00,11.7,0,1.1,0.1
9/28/2014 0:00,11.7,0,1.1,0
9/28/2014 1:00,11.7,0,1,0.2
9/28/2014 2:00,11.7,0,1.1,0.1
9/28/2014 3:00,11.6,0,1.1,0.1
9/28/2014 4:00,11.6,0,1.3,0.1
9/28/2014 5:00,11.7,0,0.2,0.5
9/28/2014 6:00,11.7,0.4,0.2,12.2
9/28/2014 7:00,12.1,4.7,0.2,12.9
9/28/2014 8:00,12.4,9.4,0.7,13.6
9/28/2014 9:00,12.8,13.7,0.5,14.2
9/28/2014 10:00,12.9,16.2,0.4,14.6
9/28/2014 11:00,13,16.9,0.2,14.8
9/28/2014 12:00,13.1,16.2,0.2,14.7
9/28/2014 13:00,13.1,14.3,0.1,14.5
9/28/2014 14:00,13,12.8,0.1,14.4
9/28/2014 15:00,12.5,2.9,0.2,13
9/28/2014 16:00,12.6,4,0.2,13.4
9/28/2014 17:00,12.4,0.7,0.2,12.8
9/28/2014 18:00,12.2,0,0.2,0.6
9/28/2014 19:00,12.1,0,1.2,0
9/28/2014 20:00,12.1,0,1.1,0.1
9/28/2014 21:00,12.1,0,1.1,0
9/28/2014 22:00,12.1,0,1.1,0.1
9/28/2014 23:00,12,0,3.8,0
9/29/2014 0:00,12,0,3.8,0
9/29/2014 3:00,11.9,0,3.9,0.1
9/29/2014 4:00,11.9,0,3.9,0.1
9/29/2014 5:00,11.9,0,3.9,0.4
9/29/2014 6:00,12,0,2.1,12.4
9/29/2014 7:00,12.2,1.9,2,12.9
9/29/2014 8:00,12.6,6.5,2,13.7
9/29/2014 9:00,13,12,0.2,14.3
9/29/2014 10:00,13.2,14.6,0.2,14.7
9/29/2014 11:00,13.4,14.9,0.2,14.9
9/29/2014 12:00,13.4,14.3,0.2,14.9
9/29/2014 13:00,13.5,13.8,0.2,15
9/29/2014 14:00,13.5,12,0.2,14.8
9/29/2014 15:00,13.3,9.1,0.2,14.4
9/29/2014 16:00,13,4.3,0.2,13.6
9/29/2014 17:00,12.7,0.4,0.2,13.1
9/29/2014 18:00,12.5,0,0.2,0.8
9/29/2014 19:00,12.4,0,1.1,0
9/29/2014 20:00,12.2,0,3.8,0
9/29/2014 21:00,12.2,0,3.8,0
9/29/2014 22:00,12.1,0,3.9,0
9/29/2014 23:00,12.2,0,3.9,0.1
9/30/2014 0:00,12.2,0,3.9,0.1
9/30/2014 1:00,12.1,0,3.6,0.1
9/30/2014 2:00,12.1,0,3.9,0.1
9/30/2014 3:00,12.2,0,3.5,0.1
9/30/2014 4:00,12.1,0,3.8,0.1
9/30/2014 5:00,12.1,0,4,0.5
9/30/2014 6:00,12.3,0.4,0.3,12.8
9/30/2014 7:00,12.7,3.9,0.2,13.4
9/30/2014 8:00,13,8.7,0.2,14.1
9/30/2014 9:00,13.3,11.7,0.2,14.7
9/30/2014 10:00,13.4,13.3,0.2,14.9
9/30/2014 11:00,12.6,0,0.2,19.6
9/30/2014 12:00,12.8,0,0.2,19.2
9/30/2014 13:00,12.8,0,0.3,19
9/30/2014 14:00,12.9,0,0.2,18.7
9/30/2014 15:00,13.3,8.7,0.2,14.4
9/30/2014 16:00,13.1,4.1,0.2,13.9
9/30/2014 17:00,12.7,0.4,0.2,13.2
9/30/2014 18:00,12.5,0,0.2,0.8
9/30/2014 19:00,12.4,0,2,0
9/30/2014 20:00,12.3,0,2.9,0.1
9/30/2014 21:00,12.3,0,2.6,0.1
9/30/2014 22:00,12.3,0,2.8,0.1
9/30/2014 23:00,12.3,0,3,0.1
10/1/2014 0:00,12.2,0,3.1,0.1
10/1/2014 5:00,12.2,0,2.7,0.7
10/1/2014 6:00,12.4,0.5,0.2,12.9
10/1/2014 7:00,12.8,4.3,0.2,13.6
10/1/2014 8:00,13.1,9,0.2,14.3
10/1/2014 9:00,12.8,0,0.2,19.2
10/1/2014 10:00,12.8,0,0.2,19.6
10/1/2014 11:00,12.7,0,0.2,19.5
10/1/2014 12:00,13.4,15.1,0.2,15
10/1/2014 13:00,12.8,0,0.2,18.9
10/1/2014 14:00,13.4,11.5,0.2,14.7
10/1/2014 15:00,12.8,0,0.3,18.7
10/1/2014 16:00,13.3,4,0.2,14.1
10/1/2014 17:00,12.7,0.5,0.3,13.2
10/1/2014 18:00,12.5,0,0.4,0.7
10/1/2014 19:00,12.5,0,1.1,0.1
10/1/2014 20:00,12.4,0,1.1,0.1
10/1/2014 21:00,12.4,0,1.1,0.1
10/1/2014 22:00,12.4,0,1.1,0.1
10/1/2014 23:00,12.4,0,1.1,0
10/2/2014 0:00,12.4,0,0.9,0.1
10/2/2014 1:00,12.4,0,1.1,0.1
10/2/2014 2:00,12.4,0,1.2,0.1
10/2/2014 3:00,12.4,0,1,0.1
10/2/2014 4:00,12.5,0,1.2,0.1
10/2/2014 5:00,12.3,0,1.2,0.4
10/2/2014 6:00,12.4,0,0.2,12.8
10/2/2014 7:00,12.7,1.1,0.3,13.1
10/2/2014 8:00,13,4.3,0.2,13.8
10/2/2014 9:00,12.8,1.2,0.2,13.4
10/2/2014 10:00,12.8,1,0.2,13.3
10/2/2014 11:00,13,1.8,0.3,13.5
10/2/2014 12:00,13.1,2.4,0.4,13.7
10/2/2014 13:00,12.9,1.5,0.5,13.4
10/2/2014 14:00,13.2,2.4,0.3,13.9
10/2/2014 15:00,13.4,2.6,0.3,13.9
10/2/2014 16:00,12.8,0.3,0.3,13.2
10/2/2014 17:00,12.7,0,0.2,13.1
10/2/2014 18:00,12.6,0,0.2,0.4
10/2/2014 19:00,12.4,0,1.3,0.1
10/2/2014 20:00,12.5,0,1.2,0.1
10/2/2014 21:00,12.4,0,1.2,0.1
10/2/2014 22:00,12.4,0,1.2,0.1
10/2/2014 23:00,12.3,0,1.1,0.1
10/3/2014 0:00,12.3,0,1.9,0.1
10/3/2014 1:00,12.3,0,2.1,0.1
10/3/2014 2:00,12.3,0,2.1,0.1
10/3/2014 3:00,12.3,0,1.7,0.1
10/3/2014 4:00,12.3,0,2.1,0.1
10/3/2014 5:00,12.2,0,3.2,0.3
10/3/2014 6:00,12.4,0,0.2,12.8
10/3/2014 7:00,12.4,0.6,0.4,13
10/3/2014 8:00,12.6,0.6,0.2,13.1
10/3/2014 9:00,12.6,0.9,0.2,13.2
10/3/2014 10:00,12.8,2.4,0.2,13.5
10/3/2014 11:00,13.4,10.4,0.2,14.6
10/3/2014 12:00,12.7,0,0.4,19.8
10/3/2014 13:00,12.8,0,0.2,19.4
10/3/2014 14:00,12.8,0,0.2,19.8
10/3/2014 15:00,12.8,0,0.2,19.5
10/3/2014 16:00,13.8,3.8,0.2,14.5
10/3/2014 17:00,12.8,0.4,0.2,13.3
10/3/2014 18:00,12.6,0,0.2,0.6
10/3/2014 19:00,12.5,0,1.2,0.1
10/3/2014 20:00,12.5,0,1.2,0.1
10/3/2014 21:00,12.4,0,1.2,0.2
10/3/2014 22:00,12.3,0,2.2,0.1
10/3/2014 23:00,12.3,0,2.1,0.1
10/4/2014 0:00,12.3,0,2.1,0.1
10/4/2014 1:00,12.3,0,2.1,0.1
10/4/2014 2:00,12.3,0,2.2,0.1
10/4/2014 3:00,12.2,0,2.2,0.1
10/4/2014 4:00,12.2,0,2.2,0.1
10/4/2014 5:00,12.2,0,2.2,0.5
10/4/2014 6:00,12.4,0,0.2,12.8
10/4/2014 7:00,12.6,1.5,0.2,13.2
10/4/2014 8:00,12.8,2.6,0.2,13.5
10/6/2014 7:00,12.8,3.4,1.6,13.7
10/6/2014 8:00,13.6,10.3,1.3,14.8
10/6/2014 9:00,12.7,0,4.2,20.3
10/6/2014 10:00,12.9,0,0.4,20.3
10/6/2014 11:00,12.7,0,0.5,20
10/6/2014 12:00,12.7,0,0.4,19.8
10/6/2014 13:00,13.5,13.8,0.4,15
10/6/2014 14:00,12.8,0,0.3,19.6
10/6/2014 15:00,12.9,0,0.2,19.8
10/6/2014 16:00,13.6,5.1,0.2,14.4
10/6/2014 17:00,13,1.2,0.2,13.6
10/6/2014 18:00,12.6,0,1.2,0.9
10/6/2014 19:00,12.5,0,1,0.1
10/6/2014 20:00,12.5,0,1.2,0.2
10/6/2014 21:00,12.5,0,1.2,0.1
10/6/2014 22:00,12.4,0,1,0.2
10/6/2014 23:00,12.4,0,1.1,0.2
10/7/2014 0:00,12.4,0,1.2,0.1
10/7/2014 1:00,12.4,0,1.2,0.1
10/7/2014 2:00,12.4,0,1.2,0.1
10/7/2014 3:00,12.4,0,1.2,0.1
10/7/2014 4:00,12.3,0,1.2,0.1
10/7/2014 5:00,12.3,0,1.1,1.6
10/7/2014 6:00,12.2,0,3.8,12.7
10/7/2014 7:00,12.7,2.2,1.9,13.5
10/7/2014 8:00,13.6,9.8,1.3,14.8
10/7/2014 9:00,12.8,0,0.2,19.6
10/7/2014 10:00,12.7,0,0.2,19.7
10/7/2014 11:00,12.8,0,0.2,19.6
10/7/2014 12:00,12.7,0,0.2,19.2
10/7/2014 13:00,13.4,14.9,0.3,15
10/7/2014 14:00,12.9,0,0.3,19.3
10/7/2014 15:00,12.9,0,0.2,19.2
10/7/2014 16:00,13.7,5.2,0.3,14.6
10/7/2014 17:00,12.9,0.6,0.2,13.4
10/7/2014 18:00,12.6,0,0.2,0.7
10/7/2014 19:00,12.3,0,3,0.1
10/7/2014 20:00,12.2,0,3.1,0.1
10/7/2014 21:00,12.3,0,3,0.1
10/7/2014 22:00,12.2,0,2.3,0.2
10/7/2014 23:00,12.3,0,2.1,0.1
10/8/2014 0:00,12.3,0,3.2,0.1
10/8/2014 1:00,12.1,0,2.8,0.2
10/8/2014 2:00,12.1,0,3.1,0.1
10/8/2014 3:00,12.1,0,3.1,0.1
10/8/2014 4:00,12.1,0,3.1,0.1
10/8/2014 5:00,12.1,0,3.1,1.8
10/8/2014 6:00,12.2,0,2.2,12.6
10/8/2014 7:00,12.8,3.2,0.3,13.4
10/8/2014 8:00,13.3,9.7,0.2,14.4
10/8/2014 9:00,13.4,8.6,0.2,14.5
10/8/2014 10:00,12.8,0,0.2,19
10/8/2014 13:00,12.7,0,0.2,19
10/8/2014 14:00,12.8,0,0.2,18.7
10/8/2014 15:00,13.7,6.4,0.2,14.7
10/8/2014 16:00,13.8,3.4,0.2,14.5
10/8/2014 17:00,12.6,0.5,0.5,13.3
10/8/2014 18:00,12.5,0,1.4,0.8
10/8/2014 19:00,12.5,0,1,0.1
10/8/2014 20:00,12.4,0,1.1,0.1
10/8/2014 21:00,12.4,0,1.1,0.1
10/8/2014 22:00,12.3,0,1.2,0.1
10/8/2014 23:00,12.4,0,1.1,0.1
10/9/2014 0:00,12.4,0,1.1,0
10/9/2014 1:00,12.4,0,1.1,0.1
10/9/2014 2:00,12.3,0,1.1,0.1
10/9/2014 3:00,12.3,0,1.2,0.1
10/9/2014 4:00,12.3,0,1.2,0.1
10/9/2014 5:00,12.4,0,0.2,2.1
10/9/2014 6:00,12.4,0.5,0.6,13
10/9/2014 7:00,13,4.4,0.4,13.8
10/9/2014 8:00,12.9,0,0.3,19.5
10/9/2014 9:00,12.8,0,0.4,19.1
10/9/2014 10:00,13.2,13.7,0.7,14.8
10/9/2014 19:00,12.4,0,1.1,0
10/9/2014 20:00,12.4,0,1,0.1
10/9/2014 21:00,12.4,0,1.1,0.1
10/9/2014 22:00,12.3,0,2.9,0.1
10/9/2014 23:00,12.2,0,2.9,0.1
10/10/2014 0:00,12.2,0,2.9,0.1
10/10/2014 1:00,12.2,0,3,0
10/10/2014 2:00,12.1,0,2.9,0.1
10/10/2014 3:00,12.2,0,2,0
10/10/2014 4:00,12.2,0,2,0.1
10/10/2014 5:00,12.1,0,2,3.3
10/10/2014 6:00,12.2,0,1,12.8
10/10/2014 7:00,12.8,3.8,0.9,13.6
10/10/2014 8:00,13.1,8.3,1.1,14.2
10/10/2014 9:00,12.8,0,1,19.7
10/10/2014 10:00,12.7,0,1,19.3
10/10/2014 11:00,12.7,0,0.9,19.1
10/10/2014 12:00,12.7,0,1,18.9
10/10/2014 13:00,13,0,1,18.9
10/10/2014 14:00,12.9,0,0.9,18.8
10/10/2014 15:00,12.8,0,0.2,18.8
10/10/2014 16:00,13,0,0.2,18.4
10/10/2014 17:00,12.8,0.4,0.2,13.3
10/10/2014 18:00,12.5,0,1.2,0.8
10/10/2014 19:00,12.4,0,1,0
10/10/2014 20:00,12.5,0,1.1,0
10/10/2014 21:00,12.5,0,1.1,0
10/10/2014 22:00,12.4,0,1.1,0
10/10/2014 23:00,12.4,0,1,0.1
10/11/2014 0:00,12.3,0,1.1,0.1
10/11/2014 1:00,12.3,0,1.1,0.1
10/11/2014 2:00,12.3,0,1.1,0.1
10/11/2014 3:00,12.3,0,1.1,0.1
10/11/2014 4:00,12.4,0,1.2,0.1
10/11/2014 5:00,12.3,0,1.1,3
10/11/2014 6:00,12.4,0,0.2,12.8
10/11/2014 7:00,12.8,2.8,0.3,13.4
10/11/2014 8:00,13.1,5.1,0.2,13.8
10/11/2014 11:00,12.7,0,0.2,19.5
10/11/2014 12:00,12.7,0,0.2,19.9
10/11/2014 13:00,12.5,0,5.8,19.6
10/11/2014 14:00,12.9,0,1.9,19
10/11/2014 15:00,13,0,0.2,18.8
10/11/2014 16:00,13.8,2.7,0.2,14.4
10/11/2014 17:00,12.8,0.3,0.2,13.3
10/11/2014 18:00,12.5,0,0.2,0.6
10/11/2014 19:00,12.5,0,1.1,0
10/11/2014 20:00,12.4,0,1.1,0.1
10/11/2014 21:00,12.3,0,1.2,0
10/11/2014 22:00,12.4,0,1.2,0
10/11/2014 23:00,12.4,0,1.2,0.1
10/12/2014 0:00,12.4,0,1.1,0.1
10/12/2014 1:00,12.3,0,1.2,0.1
10/12/2014 2:00,12.3,0,1.1,0.1
10/12/2014 3:00,12.3,0,1,0.1
10/12/2014 4:00,12.3,0,1.2,0.1
10/12/2014 5:00,12.3,0,1.2,3.5
10/12/2014 6:00,12.5,0.6,0.2,13
10/12/2014 7:00,13.1,6.1,0.2,14
10/12/2014 8:00,13.5,6,0.2,14.4
10/12/2014 9:00,12.8,0,0.2,20.2
10/12/2014 10:00,12.7,0,0.7,19.7
10/12/2014 11:00,12.8,0,0.2,18.9
10/12/2014 12:00,12.7,0,0.2,19.3
10/12/2014 13:00,12.8,0,0.2,19.3
10/12/2014 14:00,12.8,0,0.2,19.2
10/12/2014 15:00,12.9,0,0.2,19.2
10/12/2014 16:00,13.1,0,0.2,18.7
10/12/2014 17:00,12.8,0.4,0.2,13.2
10/12/2014 18:00,12.6,0,0.2,1.2
10/12/2014 19:00,12.5,0,0.9,0.1
10/12/2014 20:00,12.4,0,1.1,0.1
10/12/2014 21:00,12.4,0,1,0.1
10/12/2014 22:00,12.4,0,1.1,0
10/12/2014 23:00,12.4,0,1.2,0.1
10/13/2014 0:00,12.4,0,1.2,0.1
10/13/2014 1:00,12.3,0,1.1,0.1
10/13/2014 2:00,12.3,0,2.1,0.1
10/13/2014 3:00,12.2,0,2.1,0.1
10/13/2014 4:00,12.2,0,2.1,0.1
10/13/2014 5:00,12.2,0,2.1,3.7
10/13/2014 6:00,12.5,0.7,0.2,13
10/13/2014 7:00,12.9,4.5,0.3,13.7
10/13/2014 8:00,12.9,0,0.2,19.7
10/13/2014 9:00,13.4,12.2,0.2,14.8
10/13/2014 10:00,12.5,0,3.5,19.2
10/13/2014 11:00,13.4,13.2,1,14.9
10/13/2014 12:00,12.7,0,0.4,18.7
10/13/2014 13:00,12.8,0,0.2,18.8
10/13/2014 14:00,13.1,0,0.2,18.8
10/13/2014 15:00,13.1,0,0.2,18.8
10/13/2014 16:00,13.6,3.3,0.2,14.3
10/13/2014 17:00,12.8,0.4,0.2,13.2
10/13/2014 18:00,12.6,0,0.2,1.3
10/13/2014 19:00,12.4,0,1.1,0
10/13/2014 20:00,12.4,0,1.1,0
10/13/2014 21:00,12.4,0,1,0.1
10/13/2014 22:00,12.4,0,1.1,0.1
10/13/2014 23:00,12.4,0,1,0.1
10/14/2014 0:00,12.3,0,1.2,0.1
10/14/2014 1:00,12.4,0,1.2,0
10/14/2014 2:00,12.2,0,2.2,0.1
10/14/2014 3:00,12.2,0,2.2,0.1
10/14/2014 4:00,12.2,0,1.2,0.1
10/14/2014 5:00,12.3,0,1.2,4.2
10/14/2014 6:00,12.5,0.7,0.2,13
10/14/2014 7:00,12.9,4.8,0.3,13.7
10/14/2014 8:00,13,3.3,0.2,13.7
10/14/2014 9:00,13.1,3.2,0.2,13.8
10/14/2014 10:00,13.3,3.6,0.2,14
10/14/2014 11:00,13.4,8.8,0.3,14.5
10/14/2014 12:00,12.7,0,0.2,19.6
10/14/2014 13:00,12.8,0,0.2,19.7
10/14/2014 14:00,12.8,0,0.2,19.5
10/14/2014 15:00,13,0,0.5,19.4
10/14/2014 16:00,13.6,0,0.3,18.9
10/14/2014 17:00,12.9,0.6,0.3,13.4
10/14/2014 18:00,12.6,0,0.2,1.7
10/14/2014 19:00,12.5,0,1.1,0.1
10/14/2014 20:00,12.3,0,1.3,0
10/14/2014 21:00,12.4,0,1.1,0.1
10/14/2014 22:00,12.4,0,1.1,0.1
10/14/2014 23:00,12.3,0,1,0.1
10/15/2014 0:00,12.2,0,4,0.1
10/15/2014 1:00,12.1,0,4,0.1
10/15/2014 2:00,12.1,0,5,0.1
10/15/2014 3:00,12.2,0,1.1,0.1
10/15/2014 4:00,12.2,0,1.2,0.1
10/15/2014 5:00,12.2,0,1.2,4.7
10/15/2014 6:00,12.4,0.9,0.2,13
10/15/2014 7:00,12.9,4.6,0.2,13.8
10/15/2014 8:00,13.1,6.9,0.2,14.1
10/15/2014 9:00,13.5,9.6,0.2,14.7
10/15/2014 10:00,12.8,0,0.2,19.2
10/15/2014 11:00,12.7,0,0.4,18.8
10/15/2014 12:00,12.7,0,0.2,19
10/15/2014 13:00,12.8,0,0.2,18.9
10/15/2014 14:00,13.1,0,0.2,18.9
10/15/2014 15:00,13.4,8.1,0.2,14.5
10/15/2014 16:00,13.6,0,0.2,18.5
10/15/2014 17:00,12.9,0.5,0.2,13.4
10/15/2014 18:00,12.6,0,0.2,1.6
10/15/2014 19:00,12.5,0,1.1,0
10/15/2014 20:00,12.4,0,0.9,0.1
10/15/2014 21:00,12,0,7.9,0.1
10/15/2014 22:00,12,0,6.6,0.1
10/16/2014 1:00,11.9,0,6,0.1
10/16/2014 2:00,12,0,3.9,0.1
10/16/2014 3:00,12,0,3.9,0.1
10/16/2014 4:00,12,0,4,0
10/16/2014 5:00,12.1,0,0.2,5.4
10/16/2014 6:00,12.3,0.9,0.3,12.8
10/16/2014 7:00,12.7,4.8,0.2,13.5
10/16/2014 8:00,13.1,9.6,0.2,14.2
10/16/2014 9:00,13.4,13.2,0.2,14.8
10/16/2014 10:00,12.8,0,0.2,19.4
10/16/2014 11:00,12.7,0,2.9,19.1
10/16/2014 12:00,12.6,0,3.3,18.7
10/16/2014 13:00,12.7,0,0.2,18.9
10/16/2014 14:00,12.8,0,0.2,18.6
10/16/2014 15:00,13.5,8.4,0.3,14.6
10/16/2014 16:00,13.8,4,0.2,14.6
10/16/2014 17:00,12.8,0.5,0.2,13.3
10/16/2014 18:00,12.6,0,0.2,1.2
10/16/2014 19:00,12.5,0,1.1,0
10/16/2014 20:00,12.4,0,1.1,0
10/16/2014 21:00,12.2,0,1.2,0
10/16/2014 22:00,12.4,0,1.1,0
10/16/2014 23:00,12.4,0,1.1,0.1
10/17/2014 0:00,12.4,0,1.1,0.1
10/17/2014 1:00,12.4,0,1.1,0.1
10/17/2014 2:00,12.3,0,1.1,0.1
10/17/2014 3:00,12.2,0,3.8,0.1
10/17/2014 4:00,12.1,0,3.9,0.1
10/17/2014 5:00,12.1,0,4,4.3
10/17/2014 6:00,12.2,0,2.1,12.7
10/17/2014 7:00,12.6,2,2.1,13.3
10/17/2014 8:00,12.9,6.2,1.8,14
10/17/2014 9:00,13.1,6.1,7.1,14.3
10/17/2014 10:00,13.6,6.5,5.2,14.8
10/17/2014 11:00,12.8,0,5.1,19.2
10/17/2014 12:00,13.1,0,1.5,19.1
10/17/2014 13:00,13.2,1.6,1.9,13.8
10/17/2014 14:00,13.2,1.1,2,13.9
10/17/2014 15:00,13.3,0,2,18.8
10/17/2014 16:00,12.8,0.8,1.6,13.4
10/18/2014 5:00,12.1,0,2.1,2.6
10/18/2014 6:00,12.4,0,0.3,12.7
10/18/2014 7:00,12.6,1.6,0.3,13.1
10/18/2014 8:00,12.6,1.3,0.3,13.2
10/18/2014 9:00,12.8,4.4,4.7,13.8
10/18/2014 10:00,13.5,9.6,0.2,14.6
10/18/2014 11:00,12.8,0,0.4,19.9
10/18/2014 12:00,12.8,0,0.2,19.9
10/18/2014 13:00,13.2,0,0.2,19.4
10/18/2014 14:00,13,0,0.2,19.9
10/18/2014 15:00,13.3,0,0.2,19.2
10/18/2014 16:00,13.8,2.1,0.4,14.5
10/18/2014 17:00,13.2,1,0.3,13.7
10/18/2014 18:00,12.4,0,2.2,2.8
10/18/2014 19:00,12.4,0,2,0.1
10/18/2014 20:00,12.4,0,2.1,0.1
10/18/2014 21:00,12.3,0,2.2,0.1
10/18/2014 22:00,12.3,0,2.1,0.1
10/18/2014 23:00,12.3,0,2.1,0.1
10/19/2014 0:00,12.2,0,2.1,0.1
10/19/2014 1:00,12.3,0,2.2,0
10/19/2014 2:00,12.2,0,2.1,0.1
10/19/2014 3:00,12.2,0,1.8,0.1
10/19/2014 4:00,12.1,0,2.2,0.1
10/19/2014 5:00,12.1,0,2.3,6.6
10/19/2014 6:00,12.5,1.3,0.2,13.1
10/19/2014 7:00,13,6.8,0.4,14
10/19/2014 8:00,12.8,0,0.2,20.3
10/19/2014 9:00,12.7,0,0.2,20.3
10/19/2014 10:00,12.6,0,0.2,20.2
10/19/2014 11:00,12.6,0,0.2,20
10/19/2014 12:00,12.6,0,0.2,19.6
10/19/2014 13:00,13.3,16.4,0.4,15
10/19/2014 14:00,13.4,14.3,0.3,15
10/19/2014 15:00,12.8,0,0.3,19.2
10/19/2014 16:00,13.1,1.9,4.2,13.8
10/19/2014 17:00,12.5,0,2,13
10/19/2014 18:00,12.5,0,0.3,2.7
10/19/2014 19:00,12.4,0,1.1,0.1
10/19/2014 20:00,12.4,0,1.1,0.1
10/19/2014 21:00,12.3,0,1.1,0.1
10/19/2014 22:00,12.3,0,1.1,0.1
10/19/2014 23:00,12.3,0,1.3,0.1
10/20/2014 0:00,12.3,0,1.1,0.1
10/20/2014 1:00,12.3,0,1.2,0.1
10/20/2014 2:00,12.3,0,1.1,0.1
10/20/2014 3:00,12.2,0,1.3,0.1
10/20/2014 4:00,12.1,0,3.1,0.1
10/20/2014 5:00,12.1,0,3.2,8.3
10/20/2014 6:00,12.1,0,3.2,12.7
10/20/2014 7:00,12.9,4.7,3,13.8
10/20/2014 8:00,13.4,11.4,1.1,14.7
10/20/2014 9:00,12.7,0,1,19.3
10/20/2014 10:00,12.7,0,0.3,19.2
10/20/2014 11:00,12.4,0,4.7,19.4
10/20/2014 12:00,12.5,0,1.6,19.4
10/20/2014 13:00,12.5,0,0.8,19.4
10/20/2014 14:00,13.3,13.5,1.2,14.9
10/20/2014 15:00,12.8,0,1.1,19.1
10/20/2014 16:00,13.5,5.2,1.2,14.4
10/20/2014 17:00,12.7,0,1.1,13.1
10/20/2014 18:00,12.4,0,1.1,2.9
10/20/2014 19:00,12.4,0,1.1,0
10/20/2014 20:00,12.4,0,1.1,0
10/20/2014 21:00,12.2,0,2.2,0
10/20/2014 22:00,12.3,0,1.2,0.1
10/20/2014 23:00,12.4,0,1.2,0
10/21/2014 0:00,12.3,0,1.2,0.1
10/21/2014 1:00,12.2,0,1.2,0.1
10/21/2014 2:00,12.2,0,1.1,0.1
10/21/2014 3:00,12.2,0,1.1,0.1
10/21/2014 4:00,12.2,0,1.2,0.1
10/21/2014 5:00,12.3,0,0.2,8.6
10/21/2014 6:00,12.5,1.2,0.2,13.1
10/21/2014 7:00,13.2,7.1,0.3,14.2
10/21/2014 8:00,12.8,0,0.3,19.9
10/21/2014 9:00,12.7,0,0.2,20
10/21/2014 10:00,12.3,0,4.8,19.7
10/21/2014 11:00,12.5,0,2.3,19.7
10/21/2014 12:00,12.5,0,0.5,19.5
10/21/2014 13:00,12.6,0,0.4,19.6
10/21/2014 14:00,12.7,0,0.3,19.7
10/21/2014 15:00,12.9,0,0.2,19.4
10/21/2014 16:00,13.1,5.8,0.3,14.1
10/21/2014 17:00,12.8,0.8,0.4,13.4
10/21/2014 18:00,12.5,0,1.2,3.1
10/21/2014 19:00,12.4,0,1.1,0.1
10/21/2014 20:00,12.1,0,4.5,0
10/21/2014 21:00,12.1,0,4,0.1
10/21/2014 22:00,12,0,4.1,0.1
10/21/2014 23:00,12.2,0,1.2,0.1
10/22/2014 0:00,12.2,0,1.2,0
10/22/2014 1:00,12.1,0,3.1,0.1
10/22/2014 2:00,12.1,0,3.1,0.1
10/22/2014 3:00,12.1,0,3.1,0.2
10/22/2014 4:00,12.1,0,3.1,0
10/22/2014 5:00,12.1,0,2.2,8.9
10/22/2014 6:00,12.1,0,2.5,12.6
10/22/2014 7:00,12.8,5.6,2.2,13.8
10/22/2014 8:00,12.9,6.4,0.3,13.9
10/22/2014 9:00,12.6,0,0.2,20.6
10/22/2014 10:00,12.5,0,0.2,19.8
10/22/2014 11:00,12.9,6.7,0.2,13.9
10/22/2014 12:00,12.5,0,0.2,19.8
10/22/2014 13:00,12.6,0,0.2,19.5
10/22/2014 14:00,12.7,0,0.2,19.4
10/22/2014 15:00,12.8,0,0.2,19.3
10/22/2014 16:00,13.2,2.9,3.6,14.1
10/22/2014 17:00,12.6,0,1,13.1
10/22/2014 18:00,12.4,0,1.4,3.3
10/22/2014 19:00,12.4,0,1.1,0.1
10/22/2014 20:00,12.4,0,1.2,0.1
10/22/2014 21:00,12.3,0,1.1,0.1
10/22/2014 22:00,12.2,0,1.3,0.1
10/22/2014 23:00,12.3,0,1.2,0.1
10/23/2014 0:00,12.3,0,1.2,0.1
10/23/2014 1:00,12.3,0,1.1,0.1
10/23/2014 2:00,12.3,0,1,0.1
10/23/2014 3:00,12.1,0,4.1,0
10/23/2014 4:00,12.1,0,4,0.1
10/23/2014 5:00,12.1,0,2.1,8.7
10/23/2014 6:00,12.2,0,2.2,12.7
10/23/2014 7:00,12.9,7,0.3,14
10/23/2014 8:00,12.8,0,0.2,20.2
10/23/2014 9:00,12.7,0,0.4,20
10/23/2014 10:00,12.7,0,0.5,19.7
10/23/2014 15:00,12.7,0,0.3,19.4
10/23/2014 16:00,13,0,0.2,19.1
10/23/2014 17:00,12.8,0.9,0.2,13.4
10/23/2014 18:00,12.4,0,1.5,3.3
10/23/2014 19:00,12.3,0,1.4,0.1
10/23/2014 20:00,12.2,0,1.4,0
10/23/2014 21:00,12.3,0,1.1,0.1
10/23/2014 22:00,12.2,0,2,0.1
10/23/2014 23:00,12.2,0,1,0.1
10/24/2014 0:00,12.3,0,1,0.1
10/24/2014 1:00,12.2,0,1.2,0.1
10/24/2014 2:00,12.2,0,1,0.1
10/24/2014 3:00,12.2,0,3.8,0.1
10/24/2014 4:00,12.1,0,3.2,0.1
10/24/2014 5:00,12.1,0,2.1,9.1
10/24/2014 6:00,12.4,1,0.2,13
10/24/2014 7:00,13,6.5,0.3,13.9
10/24/2014 8:00,13.5,11.3,0.2,14.9
10/24/2014 9:00,12.6,0,0.2,19.4
10/24/2014 10:00,12.6,0,0.4,19
10/24/2014 11:00,12.7,0,0.2,18.8
10/24/2014 12:00,12.7,0,0.2,18.9
10/24/2014 13:00,12.8,0,0.2,18.8
10/24/2014 14:00,12.8,0,0.2,18.8
10/24/2014 15:00,13.4,10,0.2,14.6
10/24/2014 16:00,13,0,0.2,18.5
10/24/2014 17:00,12.2,0,5.1,12.6
10/24/2014 18:00,12.1,0,4.2,3.1
10/24/2014 19:00,12.1,0,2.9,0.1
10/24/2014 20:00,12.2,0,1,0.1
10/24/2014 21:00,12.2,0,1.1,0.1
10/24/2014 22:00,12.1,0,2.1,0.1
10/24/2014 23:00,12.2,0,1.1,0.1
10/25/2014 0:00,12.2,0,1.1,0.1
10/25/2014 1:00,12.2,0,1.2,0.1
10/25/2014 2:00,12.1,0,1.3,0.1
10/25/2014 3:00,12.1,0,1.2,0
10/25/2014 4:00,12.2,0,1.2,0.1
10/25/2014 5:00,12.2,0,0.2,9
10/25/2014 6:00,12.4,1.1,0.2,13
10/25/2014 7:00,12.9,5.9,0.2,13.8
10/25/2014 8:00,13.6,10.8,0.2,14.9
10/25/2014 9:00,12.7,0,0.5,19.9
10/25/2014 10:00,12.6,0,0.6,19.7
10/25/2014 11:00,12.6,0,0.5,19.3
10/25/2014 12:00,12.6,0,0.5,19.1
10/25/2014 13:00,12.7,0,0,19.2
10/25/2014 14:00,12.7,0,0,19.2
10/25/2014 15:00,13,0,0,19.1
10/25/2014 16:00,12.8,1.5,3.8,13.5
10/25/2014 17:00,12.6,0.9,0.2,13.1
10/25/2014 18:00,12.4,0,0.9,2.6
10/25/2014 19:00,12.3,0,1.1,0
10/25/2014 20:00,12.3,0,1,0
10/25/2014 21:00,12.3,0,1.2,0.1
10/25/2014 22:00,12.3,0,1.2,0.1
10/25/2014 23:00,12.3,0,1,0.1
10/26/2014 0:00,12.3,0,1.2,0.1
10/26/2014 1:00,12.2,0,1.2,0.1
10/26/2014 2:00,12.2,0,1.2,0.1
10/26/2014 3:00,12.3,0,1.2,0.1
10/26/2014 4:00,12.2,0,1.2,0.1
10/26/2014 5:00,12.3,0,0.3,9.2
10/26/2014 6:00,12.4,0.6,0.1,12.9
10/26/2014 7:00,12.7,2.4,0.2,13.4
10/26/2014 8:00,13.5,12.6,0.2,14.7
10/26/2014 9:00,12.8,0,0.2,20.1
10/26/2014 10:00,12.6,0,0.2,20.1
10/26/2014 11:00,12.6,0,0.2,19.9
10/26/2014 12:00,12.6,0,0.2,19.5
10/26/2014 13:00,13.1,0,0.2,18.7
10/26/2014 14:00,12.7,0,0.2,19.8
10/26/2014 15:00,13.6,5.1,0.3,14.5
10/26/2014 16:00,13.5,3.1,0.4,14.2
10/26/2014 17:00,12.2,0,4.6,12.6
10/26/2014 18:00,12.3,0,1.4,2.9
10/26/2014 19:00,12.1,0,3,0.1
10/26/2014 20:00,12.2,0,1.4,0
10/26/2014 21:00,12.2,0,1.2,0
10/26/2014 22:00,12.2,0,1.2,0.1
10/26/2014 23:00,12.2,0,1.2,0.1
10/27/2014 0:00,12.2,0,1.2,0.1
10/27/2014 1:00,12.2,0,1.3,0.1
10/27/2014 2:00,12.1,0,1.2,0.1
10/27/2014 3:00,12.1,0,1.1,0.1
10/27/2014 4:00,12.1,0,1.2,0.1
10/27/2014 5:00,12.2,0,0.3,10
10/27/2014 6:00,12.4,1.1,0.3,13
10/27/2014 7:00,12.8,4.6,0.1,13.6
10/27/2014 8:00,13.5,8.8,0.2,14.6
10/27/2014 9:00,12.8,0,0.2,20.2
10/27/2014 10:00,12.6,0,0.2,20.3
10/27/2014 11:00,12.5,0,0.7,19.7
10/27/2014 12:00,12.6,0,0.2,19.9
10/27/2014 13:00,12.6,0,0.2,20
10/27/2014 14:00,12.7,0,0.2,19.6
10/27/2014 15:00,13.7,2.4,0.2,14.5
10/27/2014 16:00,13.5,2.7,0.4,14.3
10/27/2014 17:00,12.8,0.5,0.6,13.3
10/27/2014 18:00,12.5,0,0.5,4.1
10/27/2014 19:00,12.4,0,1.2,0.1
10/27/2014 20:00,12.4,0,1.2,0.1
10/27/2014 21:00,12.3,0,1,0.1
10/27/2014 22:00,12.3,0,1.1,0.1
10/27/2014 23:00,12.3,0,1,0.1
10/28/2014 0:00,12.3,0,1,0.1
10/28/2014 1:00,12.3,0,1.2,0.1
10/28/2014 2:00,12.2,0,2.1,0.1
10/28/2014 3:00,12.2,0,2.2,0.2
10/28/2014 4:00,12.1,0,2,0.1
10/28/2014 5:00,12.2,0,1.1,10.4
10/28/2014 6:00,12.4,0.8,0.3,12.9
10/28/2014 7:00,12.8,3.5,0.2,13.6
10/28/2014 8:00,13.1,6.8,1.7,14.1
10/28/2014 9:00,12.8,2.3,2.4,13.6
10/28/2014 10:00,12.5,0,2.4,19.7
10/28/2014 11:00,12.6,0,0.3,20.2
10/28/2014 12:00,12.6,0,0.2,19.4
10/28/2014 13:00,12.6,0,0.2,19.5
10/28/2014 14:00,12.7,0,0.2,19.3
10/28/2014 15:00,12.8,0,0.3,19.4
10/28/2014 16:00,13,0,0.3,19.3
10/28/2014 17:00,12.2,0,5.4,12.5
10/28/2014 18:00,12.5,0,0.5,4.4
10/28/2014 19:00,12.3,0,1.4,0.1
10/28/2014 20:00,12.3,0,1.2,0.1
10/28/2014 21:00,12.1,0,2.2,0.1
10/28/2014 22:00,12.1,0,2,0.1
10/28/2014 23:00,12.1,0,2.6,0.1
10/29/2014 0:00,12.2,0,3.2,0
10/29/2014 1:00,12.1,0,3.2,0.1
10/29/2014 2:00,12,0,3.2,0.1
10/29/2014 3:00,12,0,2.6,0.1
10/29/2014 4:00,12.1,0,3.3,0
10/29/2014 5:00,12.1,0,2.2,10.8
10/29/2014 6:00,12.2,0,1.3,12.7
10/29/2014 7:00,12.8,6.2,1.4,13.9
10/29/2014 8:00,13.3,11.5,1.4,14.7
10/29/2014 9:00,12.7,0,1.4,20
10/29/2014 10:00,12.6,0,1.2,19.9
10/29/2014 11:00,12.5,0,1.3,19.7
10/29/2014 12:00,12.5,0,1.2,19.4
10/29/2014 13:00,12.8,0,1.1,19
10/29/2014 14:00,13.3,13.3,1.1,14.8
10/29/2014 15:00,12.7,0,1.3,19.2
10/29/2014 16:00,13.5,0,1.4,19.1
